\\Generator Output Capability Month Report,,,,,,,,,,,,,,,,,,,,,,,,,,,
\\Created at 2024-04-03 06:00:11,,,,,,,,,,,,,,,,,,,,,,,,,,,
\\For April 2024,,,,,,,,,,,,,,,,,,,,,,,,,,,
Delivery Date,Generator,Fuel Type,Measurement,Hour 1,Hour 2,Hour 3,Hour 4,Hour 5,Hour 6,Hour 7,Hour 8,Hour 9,Hour 10,Hour 11,Hour 12,Hour 13,Hour 14,Hour 15,Hour 16,Hour 17,Hour 18,Hour 19,Hour 20,Hour 21,Hour 22,Hour 23,Hour 24
2024-04-01,ABKENORA,HYDRO,Capability,11,11,11,11,11,11,11,11,11,11,11,11,11,11,11,11,11,11,11,11,11,11,11,11,
2024-04-01,ABKENORA,HYDRO,Output,9,9,9,9,9,9,9,9,9,9,9,9,9,9,9,9,10,9,10,9,9,10,9,9,
2024-04-01,ADELAIDE,WIND,Available Capacity,60,60,60,60,60,60,60,60,60,60,60,60,60,60,60,60,60,60,60,60,60,60,60,60,
2024-04-01,ADELAIDE,WIND,Forecast,1,5,2,3,4,5,8,12,12,13,9,7,5,4,11,15,16,15,5,3,4,0,23,28,
2024-04-01,ADELAIDE,WIND,Output,3,6,1,4,5,5,9,13,13,13,8,7,4,5,14,15,17,16,3,4,4,1,30,27,
2024-04-01,AGUASABON,HYDRO,Capability,49,49,49,49,49,49,49,49,49,49,49,49,49,49,49,49,49,49,49,49,49,49,49,49,
2024-04-01,AGUASABON,HYDRO,Output,20,20,20,20,20,20,20,20,30,32,32,32,25,20,20,20,20,20,20,20,20,20,20,20,
2024-04-01,ALEXANDER,HYDRO,Capability,65,65,65,65,65,65,65,65,65,65,65,65,65,65,65,65,65,65,65,65,65,65,65,65,
2024-04-01,ALEXANDER,HYDRO,Output,40,40,40,40,40,40,40,40,40,40,40,40,40,40,40,40,40,40,40,40,40,40,40,40,
2024-04-01,AMARANTH,WIND,Available Capacity,190,190,190,190,190,190,190,190,190,190,190,190,190,190,190,190,190,190,190,190,190,190,190,190,
2024-04-01,AMARANTH,WIND,Forecast,5,3,2,1,4,4,4,4,4,4,5,5,5,5,5,4,5,6,6,6,14,27,43,32,
2024-04-01,AMARANTH,WIND,Output,11,6,6,5,5,5,5,5,5,5,5,5,5,5,5,5,5,5,5,5,22,47,36,42,
2024-04-01,AMHERST ISLAND,WIND,Available Capacity,74,74,74,74,74,74,74,74,74,74,74,74,74,74,74,74,74,74,74,74,74,74,74,74,
2024-04-01,AMHERST ISLAND,WIND,Forecast,13,5,3,2,0,0,1,0,0,0,0,0,0,2,3,1,0,0,2,33,39,34,28,38,
2024-04-01,AMHERST ISLAND,WIND,Output,12,5,3,2,0,0,1,0,0,0,0,0,1,3,3,1,0,0,4,36,39,33,31,40,
2024-04-01,APIROQUOIS,HYDRO,Capability,99,99,99,99,99,99,99,99,99,99,99,99,99,99,99,99,99,99,99,99,99,99,99,99,
2024-04-01,APIROQUOIS,HYDRO,Output,31,31,32,32,32,32,28,29,30,30,30,30,30,30,30,30,30,30,30,30,30,30,30,30,
2024-04-01,ARMOW,WIND,Available Capacity,180,180,180,180,180,180,180,180,180,180,180,180,180,180,180,180,180,180,180,180,180,180,180,180,
2024-04-01,ARMOW,WIND,Forecast,0,2,3,3,15,10,15,8,9,18,21,22,14,13,25,35,38,37,21,59,98,57,55,56,
2024-04-01,ARMOW,WIND,Output,0,3,2,6,16,10,14,8,10,20,21,21,14,14,27,40,38,35,23,69,97,53,58,54,
2024-04-01,ARNPRIOR,HYDRO,Capability,76,76,76,76,76,76,76,76,76,76,76,76,76,76,76,76,76,76,76,76,76,76,76,76,
2024-04-01,ARNPRIOR,HYDRO,Output,0,0,0,0,0,0,0,0,0,0,0,0,0,0,0,0,36,2,0,33,1,0,0,0,
2024-04-01,ATIKOKAN-G1,BIOFUEL,Capability,215,215,215,215,215,215,215,215,215,215,215,215,215,215,215,215,215,215,215,215,215,215,215,215,
2024-04-01,ATIKOKAN-G1,BIOFUEL,Output,0,0,0,0,0,0,0,0,4,35,52,51,51,51,51,51,53,51,54,60,51,18,0,0,
2024-04-01,AUBREYFALLS,HYDRO,Capability,146,146,146,146,146,146,146,146,146,146,146,146,146,146,146,146,146,146,146,146,146,146,146,146,
2024-04-01,AUBREYFALLS,HYDRO,Output,7,0,0,0,0,0,0,19,73,0,0,0,0,0,0,0,0,0,16,76,64,64,3,0,
2024-04-01,BARRETT,HYDRO,Capability,155,155,155,155,155,155,155,155,155,155,155,155,155,155,155,155,155,155,155,135,155,155,155,155,
2024-04-01,BARRETT,HYDRO,Output,0,0,0,0,0,0,0,14,15,15,15,15,15,15,21,21,21,19,18,1,0,0,0,0,
2024-04-01,BECK1,HYDRO,Capability,1060,1060,1060,1060,1060,1060,1060,1060,1060,1060,1060,1060,1060,1060,1060,1060,1060,1060,1060,1060,1007,1007,1007,1007,
2024-04-01,BECK1,HYDRO,Output,188,188,188,188,171,311,204,279,365,141,141,143,143,143,143,144,142,222,310,347,389,407,417,349,
2024-04-01,BECK2,HYDRO,Capability,1570,1570,1570,1570,1570,1570,1570,1570,1570,1570,1570,1570,1570,1570,1570,1570,1570,1570,1570,1570,1570,1570,1570,1570,
2024-04-01,BECK2,HYDRO,Output,1254,1229,1221,1218,1256,1340,1340,1359,1246,1190,1166,1210,1187,1125,1146,1174,1245,1270,1315,1234,1320,1227,1233,1223,
2024-04-01,BECK2 PGS,HYDRO,Capability,87,87,87,87,87,87,87,87,87,87,87,87,87,87,87,87,87,87,87,87,87,87,87,87,
2024-04-01,BECK2 PGS,HYDRO,Output,1,1,1,1,1,15,19,48,36,2,1,1,7,0,0,0,6,2,0,0,0,0,0,0,
2024-04-01,BELLE RIVER,WIND,Available Capacity,100,100,100,100,100,100,100,100,100,100,100,100,100,100,100,100,100,100,100,100,100,100,100,100,
2024-04-01,BELLE RIVER,WIND,Forecast,1,7,6,13,22,30,52,36,39,23,22,34,30,16,9,6,5,7,32,46,42,24,25,28,
2024-04-01,BELLE RIVER,WIND,Output,3,7,7,15,22,35,46,36,37,24,22,35,30,16,9,5,6,7,33,35,36,22,25,23,
2024-04-01,BLAKE,WIND,Available Capacity,60,60,60,60,60,60,60,60,60,60,60,60,60,60,60,60,60,60,60,60,60,60,60,60,
2024-04-01,BLAKE,WIND,Forecast,0,4,2,2,7,12,16,14,20,22,19,12,5,4,7,5,10,14,14,37,45,19,36,26,
2024-04-01,BLAKE,WIND,Output,0,5,3,3,8,13,18,14,22,23,19,11,5,5,7,5,12,13,16,42,44,18,37,26,
2024-04-01,BORNISH,WIND,Available Capacity,73,73,73,73,73,73,73,73,73,73,73,73,73,73,73,73,73,73,73,73,73,73,73,73,
2024-04-01,BORNISH,WIND,Forecast,0,2,0,0,3,3,7,14,12,12,10,10,6,9,25,26,27,19,12,5,13,5,34,35,
2024-04-01,BORNISH,WIND,Output,1,3,0,0,4,3,9,14,12,12,11,10,6,11,29,27,27,20,10,8,10,12,37,33,
2024-04-01,BOW LAKE,WIND,Available Capacity,20,20,20,20,20,20,20,20,20,20,20,20,20,20,20,20,20,20,20,20,20,20,20,20,
2024-04-01,BOW LAKE,WIND,Forecast,2,3,3,1,2,7,11,7,4,1,1,0,0,0,0,0,0,0,0,1,4,9,11,15,
2024-04-01,BOW LAKE,WIND,Output,2,4,3,1,3,9,12,7,4,2,1,0,0,0,0,1,0,0,1,1,5,10,12,17,
2024-04-01,BOW LAKE 2,WIND,Available Capacity,40,40,40,40,40,40,40,40,40,40,40,40,40,40,40,40,40,40,40,40,40,40,40,40,
2024-04-01,BOW LAKE 2,WIND,Forecast,3,2,4,3,7,18,19,16,8,5,2,0,0,0,0,1,0,0,1,3,14,26,28,33,
2024-04-01,BOW LAKE 2,WIND,Output,3,3,5,4,9,19,20,16,8,5,2,0,0,0,0,2,0,0,1,4,17,28,28,35,
2024-04-01,BRIGHTON BEACH,GAS,Capability,565,565,565,565,565,565,565,565,565,565,565,565,565,565,565,565,565,565,565,565,565,565,565,565,
2024-04-01,BRIGHTON BEACH,GAS,Output,290,291,292,286,282,274,269,287,293,293,283,283,291,285,279,282,285,290,291,274,240,104,0,0,
2024-04-01,BRUCEA-G1,NUCLEAR,Capability,0,0,0,0,0,0,0,0,0,0,0,0,0,0,0,0,0,0,0,0,0,0,0,0,
2024-04-01,BRUCEA-G1,NUCLEAR,Output,0,0,0,0,0,0,0,0,0,0,0,0,0,0,0,0,0,0,0,0,0,0,0,0,
2024-04-01,BRUCEA-G2,NUCLEAR,Capability,828,828,828,828,828,828,828,828,828,828,828,828,828,828,828,828,828,828,828,828,828,828,828,828,
2024-04-01,BRUCEA-G2,NUCLEAR,Output,820,818,818,818,818,818,818,818,817,817,818,820,820,820,820,820,820,819,819,819,819,819,819,819,
2024-04-01,BRUCEA-G3,NUCLEAR,Capability,0,0,0,0,0,0,0,0,0,0,0,0,0,0,0,0,0,0,0,0,0,0,0,0,
2024-04-01,BRUCEA-G3,NUCLEAR,Output,0,0,0,0,0,0,0,0,0,0,0,0,0,0,0,0,0,0,0,0,0,0,0,0,
2024-04-01,BRUCEA-G4,NUCLEAR,Capability,816,816,816,816,816,816,816,816,816,816,816,816,816,816,816,816,816,816,816,816,816,816,816,816,
2024-04-01,BRUCEA-G4,NUCLEAR,Output,795,793,790,791,795,795,796,796,795,796,797,796,796,796,794,795,794,794,794,794,794,794,794,794,
2024-04-01,BRUCEB-G5,NUCLEAR,Capability,817,817,817,817,817,817,817,817,817,817,817,817,817,817,817,817,817,817,817,817,817,817,817,817,
2024-04-01,BRUCEB-G5,NUCLEAR,Output,808,808,808,808,808,807,807,808,809,809,809,809,809,809,809,809,808,809,808,808,808,808,807,807,
2024-04-01,BRUCEB-G6,NUCLEAR,Capability,817,817,817,817,817,817,817,817,817,817,817,817,817,817,817,817,817,817,817,817,817,817,817,817,
2024-04-01,BRUCEB-G6,NUCLEAR,Output,822,823,824,825,825,824,824,822,818,821,820,820,822,824,823,824,824,824,824,825,826,826,825,825,
2024-04-01,BRUCEB-G7,NUCLEAR,Capability,817,817,817,817,817,817,817,817,817,817,817,817,817,817,817,817,817,817,817,817,817,817,817,817,
2024-04-01,BRUCEB-G7,NUCLEAR,Output,825,826,826,826,826,828,829,829,829,829,829,829,829,829,829,828,828,828,828,828,828,828,826,828,
2024-04-01,BRUCEB-G8,NUCLEAR,Capability,817,817,817,817,817,817,817,817,817,817,817,817,817,817,817,817,817,817,817,817,817,817,817,817,
2024-04-01,BRUCEB-G8,NUCLEAR,Output,815,815,809,810,810,809,812,812,807,812,812,812,812,812,812,812,812,812,812,812,812,810,812,812,
2024-04-01,CALSTOCKGS,BIOFUEL,Capability,0,0,0,0,0,0,0,0,0,0,0,0,0,0,0,0,0,0,0,0,0,0,0,0,
2024-04-01,CALSTOCKGS,BIOFUEL,Output,0,0,0,0,0,0,0,0,0,0,0,0,0,0,0,0,0,0,0,0,0,0,0,0,
2024-04-01,CAMERONFALLS,HYDRO,Capability,96,96,96,96,96,96,96,96,96,96,96,96,96,96,96,96,96,96,96,96,96,96,96,96,
2024-04-01,CAMERONFALLS,HYDRO,Output,52,52,52,52,52,52,52,52,52,52,52,52,52,52,52,52,52,52,52,52,52,52,52,52,
2024-04-01,CANYON,HYDRO,Capability,279,279,279,279,279,279,279,279,279,279,279,279,279,279,279,279,279,279,279,279,279,279,279,279,
2024-04-01,CANYON,HYDRO,Output,0,0,0,0,10,19,41,138,189,129,68,60,60,60,60,60,126,129,145,151,128,66,12,0,
2024-04-01,CARDINAL,GAS,Capability,184,184,184,184,184,184,184,184,184,184,184,184,184,184,184,184,184,184,184,184,184,184,184,184,
2024-04-01,CARDINAL,GAS,Output,0,0,0,0,0,0,0,0,0,0,0,0,0,0,0,0,0,0,0,0,0,0,0,0,
2024-04-01,CARIBOUFALLS,HYDRO,Capability,94,94,94,94,94,94,94,94,94,94,94,94,94,94,94,94,94,94,94,94,94,94,94,94,
2024-04-01,CARIBOUFALLS,HYDRO,Output,28,27,27,27,27,28,28,28,27,28,28,27,28,30,30,31,31,31,31,30,30,31,30,29,
2024-04-01,CARMICHAEL,HYDRO,Capability,19,19,19,19,19,19,19,19,19,19,19,19,19,19,19,19,19,19,19,19,19,19,19,19,
2024-04-01,CARMICHAEL,HYDRO,Output,8,8,8,8,8,8,8,8,8,8,8,8,8,8,8,8,8,8,8,8,8,8,8,8,
2024-04-01,CEDAR POINT 2,WIND,Available Capacity,100,100,100,100,100,100,100,100,100,100,100,100,100,100,100,100,100,100,100,100,100,100,100,100,
2024-04-01,CEDAR POINT 2,WIND,Forecast,2,13,3,11,20,15,20,28,19,11,16,26,26,37,58,51,50,55,54,59,11,0,33,55,
2024-04-01,CEDAR POINT 2,WIND,Output,4,13,3,13,21,15,21,29,18,11,18,28,26,38,61,52,51,57,55,58,6,1,41,55,
2024-04-01,CHATSFALLS,HYDRO,Capability,72,72,72,72,72,72,72,72,72,72,72,72,72,72,72,72,72,72,72,72,72,72,72,72,
2024-04-01,CHATSFALLS,HYDRO,Output,48,48,48,48,48,47,47,47,47,48,48,48,48,48,48,48,47,47,48,47,48,48,48,48,
2024-04-01,CHENAUX,HYDRO,Capability,158,158,158,158,158,158,158,158,158,158,158,158,158,158,158,158,158,158,158,158,158,158,158,158,
2024-04-01,CHENAUX,HYDRO,Output,64,74,81,81,81,81,81,81,81,81,81,81,81,81,81,81,91,111,112,112,93,96,96,83,
2024-04-01,CLERGUE,HYDRO,Capability,33,33,33,33,33,33,33,33,33,33,33,33,33,33,33,33,33,33,33,33,33,33,33,33,
2024-04-01,CLERGUE,HYDRO,Output,34,34,33,34,33,34,34,34,34,34,34,33,33,35,35,34,34,34,33,34,34,32,34,34,
2024-04-01,COMBER,WIND,Available Capacity,166,166,166,166,166,166,166,166,166,166,166,166,166,166,166,166,166,166,166,166,166,166,166,166,
2024-04-01,COMBER,WIND,Forecast,2,6,5,13,25,30,72,35,32,22,19,27,21,12,11,7,6,7,32,70,17,18,27,63,
2024-04-01,COMBER,WIND,Output,2,5,8,14,25,34,52,33,31,23,18,29,20,13,11,6,6,7,28,40,18,14,32,55,
2024-04-01,CRYSLER,WIND,Available Capacity,100,100,100,100,100,100,100,100,100,100,100,100,100,100,100,100,100,100,100,100,100,100,100,100,
2024-04-01,CRYSLER,WIND,Forecast,36,36,30,18,6,5,8,7,2,4,16,26,36,39,29,38,30,27,32,26,42,60,58,48,
2024-04-01,CRYSLER,WIND,Output,35,37,31,14,7,5,9,6,2,5,19,26,41,37,29,40,30,28,33,25,47,62,58,45,
2024-04-01,DA WATSON,HYDRO,Capability,80,80,80,80,80,80,80,80,80,80,80,80,80,80,80,80,80,80,80,80,80,80,80,80,
2024-04-01,DA WATSON,HYDRO,Output,14,13,13,13,13,13,13,13,14,20,33,67,70,72,71,68,68,68,68,68,67,67,32,20,
2024-04-01,DARLINGTON-G1,NUCLEAR,Capability,0,0,0,0,0,0,0,0,0,0,0,0,0,0,0,0,0,0,0,0,0,0,0,0,
2024-04-01,DARLINGTON-G1,NUCLEAR,Output,0,0,0,0,0,0,0,0,0,0,0,0,0,0,0,0,0,0,0,0,0,0,0,0,
2024-04-01,DARLINGTON-G2,NUCLEAR,Capability,0,0,0,0,0,0,0,0,0,0,0,0,0,0,0,0,0,0,0,0,0,0,0,0,
2024-04-01,DARLINGTON-G2,NUCLEAR,Output,0,0,0,0,0,0,0,0,0,0,0,0,0,0,0,0,0,0,0,0,0,0,0,0,
2024-04-01,DARLINGTON-G3,NUCLEAR,Capability,0,0,0,0,0,0,0,0,0,0,0,0,0,0,0,0,0,0,0,0,0,0,0,0,
2024-04-01,DARLINGTON-G3,NUCLEAR,Output,0,0,0,0,0,0,0,0,0,0,0,0,0,0,0,0,0,0,0,0,0,0,0,0,
2024-04-01,DARLINGTON-G4,NUCLEAR,Capability,0,0,0,0,0,0,0,0,0,0,0,0,0,0,0,0,0,0,0,0,0,0,0,0,
2024-04-01,DARLINGTON-G4,NUCLEAR,Output,0,0,0,0,0,0,0,0,0,0,0,0,0,0,0,0,0,0,0,0,0,0,0,0,
2024-04-01,DECEWFALLS,HYDRO,Capability,74,74,74,74,74,74,74,74,74,74,74,74,74,74,74,74,74,74,74,74,74,74,74,74,
2024-04-01,DECEWFALLS,HYDRO,Output,74,74,74,74,74,74,74,74,74,74,74,74,74,74,74,74,74,74,74,74,74,74,74,74,
2024-04-01,DECEWND1,HYDRO,Capability,12,12,12,12,12,12,12,12,12,12,12,12,12,12,12,12,12,12,12,12,12,12,12,12,
2024-04-01,DECEWND1,HYDRO,Output,10,10,10,10,10,10,10,10,10,10,10,10,10,10,10,10,10,10,10,10,10,10,10,10,
2024-04-01,DESJOACHIMS,HYDRO,Capability,375,375,375,375,375,375,375,375,375,375,375,375,375,375,375,375,375,375,375,375,375,375,375,375,
2024-04-01,DESJOACHIMS,HYDRO,Output,194,194,195,239,242,244,288,311,321,285,240,238,238,238,238,239,243,267,281,279,239,240,195,194,
2024-04-01,DESTEC,GAS,Capability,120,120,120,120,120,120,120,120,120,120,120,120,120,120,120,120,120,120,120,120,120,120,120,120,
2024-04-01,DESTEC,GAS,Output,0,0,0,0,0,0,0,0,0,0,0,0,0,0,0,0,0,0,0,0,0,0,0,0,
2024-04-01,DILLON,WIND,Available Capacity,78,78,78,78,78,78,78,78,78,78,78,78,78,78,78,78,78,78,78,78,78,78,78,78,
2024-04-01,DILLON,WIND,Forecast,4,2,2,8,12,10,18,13,4,3,4,4,7,12,17,12,7,6,5,4,5,28,47,67,
2024-04-01,DILLON,WIND,Output,4,2,2,9,12,11,17,12,4,3,4,5,7,14,16,12,7,6,6,7,6,30,52,70,
2024-04-01,DOWCHEMICAL,GAS,Capability,36,36,36,36,36,36,36,36,36,36,36,36,36,36,36,36,36,36,36,36,36,36,36,36,
2024-04-01,DOWCHEMICAL,GAS,Output,28,27,27,27,27,26,27,27,27,28,27,28,27,28,28,29,29,29,30,30,32,26,32,31,
2024-04-01,DPNTMTLND,GAS,Capability,52,52,52,52,52,52,52,52,52,52,52,52,52,52,52,52,52,52,52,52,52,52,52,52,
2024-04-01,DPNTMTLND,GAS,Output,0,0,0,0,0,0,0,0,0,0,0,0,0,0,1,4,36,42,43,43,41,3,0,0,
2024-04-01,EARFALLS,HYDRO,Capability,14,14,14,14,14,14,14,14,14,14,14,14,14,14,14,14,14,14,14,14,14,14,14,14,
2024-04-01,EARFALLS,HYDRO,Output,10,10,10,10,10,10,10,10,10,10,10,10,10,10,10,10,10,10,10,10,10,10,10,10,
2024-04-01,EAST LAKE,WIND,Available Capacity,99,99,99,99,99,99,99,99,99,99,99,99,99,99,99,99,99,99,99,99,99,99,99,99,
2024-04-01,EAST LAKE,WIND,Forecast,5,4,12,15,13,17,34,30,26,19,21,18,16,13,10,9,13,22,24,26,18,17,7,16,
2024-04-01,EAST LAKE,WIND,Output,6,5,15,14,15,17,24,30,26,20,21,18, , , , , ,24,24,26,8,14,8,15,
2024-04-01,EAST WINDSOR-G1,GAS,Capability,46,46,46,46,46,46,46,46,46,46,46,46,46,46,46,46,46,46,46,46,46,46,46,46,
2024-04-01,EAST WINDSOR-G1,GAS,Output,0,0,0,0,0,0,0,0,0,0,0,0,0,0,0,0,0,0,0,0,0,0,0,0,
2024-04-01,EAST WINDSOR-G2,GAS,Capability,46,46,46,46,46,46,46,46,46,46,46,46,46,46,46,46,46,46,46,46,46,46,46,46,
2024-04-01,EAST WINDSOR-G2,GAS,Output,0,0,0,0,0,0,0,0,0,0,0,0,0,0,0,0,0,0,0,0,0,0,0,0,
2024-04-01,ERIEAU,WIND,Available Capacity,99,99,99,99,99,99,99,99,99,99,99,99,99,99,99,99,99,99,99,99,99,99,99,99,
2024-04-01,ERIEAU,WIND,Forecast,8,4,5,10,13,14,33,16,7,8,20,18,13,12,13,10,9,12,16,62,45,52,70,90,
2024-04-01,ERIEAU,WIND,Output,8,5,5,11,14,15,24,15,6,9,20,19,13,13,13,10,10,12,12,48,33,56,74,88,
2024-04-01,FORTFRANCSWC,HYDRO,Capability,10,10,10,10,10,10,10,10,10,10,10,10,10,10,10,10,10,10,10,10,10,10,10,10,
2024-04-01,FORTFRANCSWC,HYDRO,Output,4,4,4,4,4,4,4,4,4,4,4,5,5,4,4,4,5,4,4,4,4,4,4,4,
2024-04-01,GARTSHORE,HYDRO,Capability,89,89,89,89,89,89,89,89,89,89,89,89,89,89,89,89,89,89,89,89,89,89,89,89,
2024-04-01,GARTSHORE,HYDRO,Output,0,0,0,0,0,0,0,0,0,0,0,0,0,1,1,65,78,74,75,73,79,77,14,0,
2024-04-01,GOSFIELDWGS,WIND,Available Capacity,51,51,51,51,51,51,51,51,51,51,51,51,51,51,51,51,51,51,51,51,51,51,51,51,
2024-04-01,GOSFIELDWGS,WIND,Forecast,2,2,2,4,7,10,21,13,12,9,6,9,7,4,3,3,2,3,14,26,13,7,11,25,
2024-04-01,GOSFIELDWGS,WIND,Output,3,2,3,4,8,12,17,11,13,9,6,10,7,4,3,3,3,3,15,17,12,6,12,24,
2024-04-01,GOSHEN,WIND,Available Capacity,102,102,102,102,102,102,102,102,102,102,102,102,102,102,102,102,102,102,102,102,102,102,102,102,
2024-04-01,GOSHEN,WIND,Forecast,0,0,0,0,8,14,23,22,25,26,22,16,13,14,27,28,27,15,20,47,58,26,74,52,
2024-04-01,GOSHEN,WIND,Output,0,0,0,1,12,13,25,23,27,26,23,16,12,15,31,28,25,16,22,53,56,33,72,53,
2024-04-01,GOULAIS,WIND,Available Capacity,25,25,25,25,25,25,25,25,25,25,25,25,25,25,25,25,25,25,25,25,25,25,25,25,
2024-04-01,GOULAIS,WIND,Forecast,2,3,2,0,1,0,0,2,2,2,1,1,0,0,0,3,2,0,0,0,0,0,0,0,
2024-04-01,GOULAIS,WIND,Output,3,3,2,1,1,1,1,2,2,3,1,1,1,0,2,4,2,0,0,0,0,0,0,0,
2024-04-01,GRAND VALLEY 3,WIND,Available Capacity,40,40,40,40,40,40,40,40,40,40,40,40,40,40,40,40,40,40,40,40,40,40,40,40,
2024-04-01,GRAND VALLEY 3,WIND,Forecast,0,1,1,0,0,4,4,1,3,7,6,6,5,2,2,2,2,4,5,6,12,21,14,17,
2024-04-01,GRAND VALLEY 3,WIND,Output,1,1,1,0,1,5,4,2,4,8,6,7,5,3,2,2,2,6,5,7,15,20,14,19,
2024-04-01,GRANDSF,SOLAR,Available Capacity,100,100,100,100,100,100,100,100,100,100,100,100,100,100,100,100,100,100,100,100,100,100,100,100,
2024-04-01,GRANDSF,SOLAR,Forecast,0,0,0,0,0,0,1,8,33,83,90,95,96,96,96,76,40,13,0,0,0,0,0,0,
2024-04-01,GRANDSF,SOLAR,Output,0,0,0,0,0,0,1,7,43,85,93,98,98,98,98,75,40,12,1,0,0,0,0,0,
2024-04-01,GRANDWF,WIND,Available Capacity,149,149,149,149,149,149,149,149,149,149,149,149,149,149,149,149,149,149,149,149,149,149,149,149,
2024-04-01,GRANDWF,WIND,Forecast,2,14,4,4,38,48,82,65,58,51,35,24,30,23,22,30,49,31,21,34,71,89,35,73,
2024-04-01,GRANDWF,WIND,Output,4,14,6,5,45,51,85,68,58,51,32,26,30,24,23,31,50,31,21,40,73,88,31,81,
2024-04-01,GREENFIELD ENERGY CENTRE-G1,GAS,Capability,0,0,0,0,0,0,0,0,0,0,180,90,90,90,180,180,180,180,180,180,180,180,180,180,
2024-04-01,GREENFIELD ENERGY CENTRE-G1,GAS,Output,0,0,0,0,0,0,0,0,0,0,48,92,90,134,138,136,141,179,179,140,133,138,135,130,
2024-04-01,GREENFIELD ENERGY CENTRE-G2,GAS,Capability,0,0,180,180,180,180,180,180,180,180,180,90,90,90,180,180,180,180,180,180,180,180,180,180,
2024-04-01,GREENFIELD ENERGY CENTRE-G2,GAS,Output,0,0,38,53,55,55,60,65,70,75,81,92,90,134,138,136,141,184,184,140,133,139,135,130,
2024-04-01,GREENFIELD ENERGY CENTRE-G3,GAS,Capability,0,0,0,0,180,180,180,180,180,180,180,90,90,90,180,180,180,180,180,180,180,180,180,180,
2024-04-01,GREENFIELD ENERGY CENTRE-G3,GAS,Output,0,0,0,0,43,50,59,61,70,78,81,89,90,134,138,136,141,181,181,140,133,138,135,130,
2024-04-01,GREENFIELD ENERGY CENTRE-G4,GAS,Capability,0,0,60,60,140,140,140,140,140,140,492,150,150,150,492,492,492,492,492,492,492,492,492,492,
2024-04-01,GREENFIELD ENERGY CENTRE-G4,GAS,Output,0,0,0,0,1,25,51,58,66,75,78,133,144,199,223,224,230,348,467,256,222,228,225,218,
2024-04-01,GREENFIELD SOUTH-G1,GAS,Capability,192,192,192,192,192,192,192,192,192,192,192,192,192,192,192,192,192,192,192,192,192,192,192,192,
2024-04-01,GREENFIELD SOUTH-G1,GAS,Output,0,0,0,24,68,161,117,179,189,113,113,9,0,0,0,0,0,0,0,0,0,0,0,0,
2024-04-01,GREENFIELD SOUTH-G2,GAS,Capability,133,133,133,133,133,133,133,133,133,133,133,133,133,133,133,133,133,133,133,133,133,133,133,133,
2024-04-01,GREENFIELD SOUTH-G2,GAS,Output,0,0,0,0,41,84,73,90,94,72,72,7,0,0,0,0,0,0,0,0,0,0,0,0,
2024-04-01,GREENWICH,WIND,Available Capacity,99,99,99,99,99,99,99,99,99,99,99,99,99,99,99,99,99,99,99,99,99,99,99,99,
2024-04-01,GREENWICH,WIND,Forecast,13,20,17,12,27,25,17,6,0,0,0,0,0,1,3,9,8,5,3,2,1,6,6,3,
2024-04-01,GREENWICH,WIND,Output,13,22,16,12,30,25,14,5,0,0,0,1,1,2,5,10,8,5,3,2,2,7,6,2,
2024-04-01,GTAA-G1,GAS,Capability,47,47,47,47,47,47,47,47,47,47,47,47,47,47,47,47,47,47,47,47,47,47,47,47,
2024-04-01,GTAA-G1,GAS,Output,0,0,0,0,0,0,0,0,0,0,0,0,13,31,31,31,31,31,31,31,31,4,0,0,
2024-04-01,GTAA-G2,GAS,Capability,47,47,47,47,47,47,47,47,47,47,47,47,47,47,47,47,47,47,47,47,47,47,47,47,
2024-04-01,GTAA-G2,GAS,Output,0,0,0,0,0,0,0,0,0,0,0,0,13,31,31,31,31,31,31,31,31,4,0,0,
2024-04-01,GTAA-G3,GAS,Capability,0,0,0,0,0,0,0,0,0,0,0,0,0,0,0,0,0,0,0,0,0,0,0,0,
2024-04-01,GTAA-G3,GAS,Output,0,0,0,0,0,0,0,0,0,0,0,0,0,0,7,19,19,19,19,19,19,1,0,0,
2024-04-01,HALTONHILLS-LT.G1,GAS,Capability,0,0,0,0,0,0,0,0,0,0,0,0,0,0,0,0,0,0,0,0,0,0,0,0,
2024-04-01,HALTONHILLS-LT.G1,GAS,Output,0,0,0,0,0,0,0,0,0,0,0,0,0,0,0,0,0,0,0,0,0,0,0,0,
2024-04-01,HALTONHILLS-LT.G2,GAS,Capability,0,0,0,0,0,0,0,0,0,0,0,0,0,0,0,0,0,0,0,0,0,0,0,0,
2024-04-01,HALTONHILLS-LT.G2,GAS,Output,0,0,0,0,0,0,0,0,0,0,0,0,0,0,0,0,0,0,0,0,0,0,0,0,
2024-04-01,HALTONHILLS-LT.G3,GAS,Capability,0,0,0,0,0,0,0,0,0,0,0,0,0,0,0,0,0,0,0,0,0,0,0,0,
2024-04-01,HALTONHILLS-LT.G3,GAS,Output,0,0,0,0,0,0,0,0,0,0,0,0,0,0,0,0,0,0,0,0,0,0,0,0,
2024-04-01,HARMON,HYDRO,Capability,78,78,78,78,78,78,78,78,78,78,78,78,78,78,78,78,78,78,78,78,78,78,0,78,
2024-04-01,HARMON,HYDRO,Output,0,0,0,0,0,72,74,74,74,74,74,74,74,74,74,74,74,74,74,74,74,74,3,0,
2024-04-01,HARMON 2,HYDRO,Capability,0,0,0,0,0,0,0,0,0,0,0,0,0,0,0,0,0,0,0,0,0,0,0,0,
2024-04-01,HARMON 2,HYDRO,Output,0,0,0,0,0,0,0,0,0,0,0,0,0,0,0,0,0,0,0,0,0,0,0,0,
2024-04-01,HARRIS,HYDRO,Capability,12,12,12,12,12,12,12,12,12,12,12,12,12,12,12,12,12,12,12,12,12,12,12,12,
2024-04-01,HARRIS,HYDRO,Output,3,3,3,3,3,3,3,4,3,3,4,7,10,10,10,10,11,11,11,11,10,8,5,3,
2024-04-01,HENVEY NORTH,WIND,Available Capacity,117,117,117,117,117,117,117,117,117,117,117,117,117,117,117,117,117,117,117,117,117,117,117,117,
2024-04-01,HENVEY NORTH,WIND,Forecast,16,9,13,6,5,2,4,6,15,10,9,15,22,23,27,21,20,28,33,34,72,57,80,98,
2024-04-01,HENVEY NORTH,WIND,Output,13,11,9,6,4,1,3,7,17,9,10,17,24,24,27,22,20,31,32,41,70,58,87,103,
2024-04-01,HENVEY SOUTH,WIND,Available Capacity,183,183,183,183,183,183,183,183,183,183,183,183,183,183,183,183,183,183,183,183,183,183,183,183,
2024-04-01,HENVEY SOUTH,WIND,Forecast,20,15,19,11,9,1,3,10,20,13,12,21,23,28,35,27,29,40,46,47,99,84,128,148,
2024-04-01,HENVEY SOUTH,WIND,Output,17,17,16,11,7,0,3,11,23,10,14,24,26,29,37,28,31,43,44,57,102,85,141,155,
2024-04-01,HOLDEN,HYDRO,Capability,166,166,166,166,166,166,166,166,166,166,166,166,166,166,166,166,166,166,166,166,166,166,166,166,
2024-04-01,HOLDEN,HYDRO,Output,124,124,123,123,123,123,123,123,123,123,124,123,123,126,128,131,133,134,133,133,133,133,133,132,
2024-04-01,HOLINGSWTH,HYDRO,Capability,23,23,23,23,23,23,23,23,23,23,23,23,23,23,23,23,23,23,23,23,23,23,23,23,
2024-04-01,HOLINGSWTH,HYDRO,Output,0,0,0,0,0,0,0,18,18,17,16,16,16,16,16,17,17,16,16,16,16,0,0,0,
2024-04-01,JERICHO,WIND,Available Capacity,149,149,149,149,149,149,149,149,149,149,149,149,149,149,149,149,149,149,149,149,149,149,149,149,
2024-04-01,JERICHO,WIND,Forecast,0,7,1,5,14,12,22,34,29,20,21,24,24,41,60,58,59,57,43,38,12,1,50,55,
2024-04-01,JERICHO,WIND,Output,2,7,0,8,16,12,25,35,27,20,23,25,25,43,63,60,59,58,41,38,7,4,56,58,
2024-04-01,K2WIND,WIND,Available Capacity,270,270,270,270,270,270,270,270,270,270,270,270,270,270,270,270,270,270,270,270,270,270,270,270,
2024-04-01,K2WIND,WIND,Forecast,0,6,3,3,26,55,55,46,44,42,53,55,38,53,79,106,117,70,44,104,160,124,107,40,
2024-04-01,K2WIND,WIND,Output,0,6,3,6,32,59,56,45,48,41,58,52,37,59,86,117,117,59,48,116,162,125,95,37,
2024-04-01,KAKABEKA,HYDRO,Capability,25,25,25,25,25,25,25,25,25,25,25,25,25,25,25,25,25,25,25,25,25,25,25,25,
2024-04-01,KAKABEKA,HYDRO,Output,10,10,10,10,10,10,10,10,10,10,10,10,9,9,9,9,9,9,9,9,9,12,13,13,
2024-04-01,KAPGS,GAS,Capability,60,60,60,60,60,60,60,60,60,60,60,60,60,60,60,60,60,60,60,60,60,60,60,60,
2024-04-01,KAPGS,GAS,Output,0,0,0,0,0,0,0,0,0,0,0,0,0,0,0,0,0,0,0,0,0,0,0,0,
2024-04-01,KINGSBRIDGE,WIND,Available Capacity,40,40,40,40,40,40,40,40,40,40,40,40,40,40,40,40,40,40,40,40,40,40,40,40,
2024-04-01,KINGSBRIDGE,WIND,Forecast,0,0,0,0,1,5,4,3,3,3,4,3,2,2,7,11,13,4,3,9,13,9,8,4,
2024-04-01,KINGSBRIDGE,WIND,Output,0,0,0,0,3,6,4,3,4,4,4,4,2,3,8,13,13,4,5,10,13,9,8,3,
2024-04-01,KINGSTONSF,SOLAR,Available Capacity,100,100,100,100,100,100,100,100,100,100,100,100,100,100,100,100,100,100,100,100,100,100,100,100,
2024-04-01,KINGSTONSF,SOLAR,Forecast,0,0,0,0,0,0,3,27,53,83,67,85,84,93,88,65,38,9,0,0,0,0,0,0,
2024-04-01,KINGSTONSF,SOLAR,Output,0,0,0,0,0,0,4,31,54,83,70,86,85,96,84,67,39,9,1,0,0,0,0,0,
2024-04-01,KIPLING,HYDRO,Capability,0,0,0,0,0,0,0,0,0,0,0,0,0,0,0,0,0,0,0,0,0,0,0,0,
2024-04-01,KIPLING,HYDRO,Output,0,0,0,0,0,0,0,0,0,0,0,0,0,0,0,0,0,0,0,0,0,0,0,0,
2024-04-01,KIPLING 2,HYDRO,Capability,79,79,79,79,79,79,79,79,79,79,79,79,79,79,79,79,79,79,79,79,79,79,0,79,
2024-04-01,KIPLING 2,HYDRO,Output,0,0,0,0,0,69,72,72,73,73,74,73,73,73,73,74,74,73,73,73,73,73,3,0,
2024-04-01,LAKESUPERIOR,GAS,Capability,49,49,49,49,49,49,49,49,49,49,49,49,49,49,49,49,49,49,49,49,49,49,49,49,
2024-04-01,LAKESUPERIOR,GAS,Output,0,0,0,0,0,0,0,0,0,0,0,0,0,0,0,0,0,0,0,0,0,0,0,0,
2024-04-01,LANDON,WIND,Available Capacity,40,40,40,40,40,40,40,40,40,40,40,40,40,40,40,40,40,40,40,40,40,40,40,40,
2024-04-01,LANDON,WIND,Forecast,1,4,2,3,3,3,9,10,8,9,6,5,4,3,7,11,12,9,4,5,11,0,29,22,
2024-04-01,LANDON,WIND,Output,2,5,2,4,4,4,6,10,9,9,6,6,4,3,9,11,13,9,3,3,5,2,32,22,
2024-04-01,LENNOX-G1,GAS,Capability,525,525,525,525,525,525,525,525,525,525,525,525,525,525,525,525,525,525,525,525,525,525,525,525,
2024-04-01,LENNOX-G1,GAS,Output,0,0,0,0,0,0,0,0,0,0,0,0,0,0,0,0,0,0,0,0,0,0,0,0,
2024-04-01,LENNOX-G2,GAS,Capability,525,525,525,525,525,525,525,525,525,525,525,525,525,525,525,525,525,525,525,525,525,525,525,525,
2024-04-01,LENNOX-G2,GAS,Output,0,0,0,0,0,0,0,0,0,0,0,0,0,0,0,0,0,0,0,0,0,0,0,0,
2024-04-01,LENNOX-G3,GAS,Capability,525,525,525,525,525,525,525,525,525,525,525,525,525,525,525,525,525,525,525,525,525,525,525,525,
2024-04-01,LENNOX-G3,GAS,Output,0,0,0,0,0,0,0,0,7,1,0,0,0,0,0,0,0,0,0,0,0,0,4,4,
2024-04-01,LENNOX-G4,GAS,Capability,0,0,0,0,0,0,0,0,0,0,0,0,0,0,0,0,0,0,0,0,0,0,0,0,
2024-04-01,LENNOX-G4,GAS,Output,0,0,0,0,0,0,0,0,8,1,0,0,0,0,0,0,0,0,0,0,0,0,6,5,
2024-04-01,LITTLELONG,HYDRO,Capability,72,72,72,72,72,72,72,72,72,72,72,72,72,72,72,72,72,72,72,72,72,72,0,72,
2024-04-01,LITTLELONG,HYDRO,Output,0,0,0,0,0,57,59,59,58,59,59,58,58,58,58,58,59,59,58,58,58,59,2,0,
2024-04-01,LITTLELONG 2,HYDRO,Capability,0,0,0,0,0,0,0,0,0,0,0,0,0,0,0,0,0,0,0,0,0,0,0,0,
2024-04-01,LITTLELONG 2,HYDRO,Output,0,0,0,0,0,0,0,0,0,0,0,0,0,0,0,0,0,0,0,0,0,0,0,0,
2024-04-01,LONGSAULTE,HYDRO,Capability,20,20,20,20,20,20,20,20,20,20,20,20,20,20,20,20,20,20,20,20,20,20,20,20,
2024-04-01,LONGSAULTE,HYDRO,Output,7,6,6,6,6,7,8,7,7,7,7,7,7,7,7,7,7,7,7,7,7,7,5,5,
2024-04-01,LOWER WHITE RIVER,HYDRO,Capability,1,1,1,1,1,1,1,1,1,1,1,1,1,1,1,1,1,1,1,1,1,1,1,1,
2024-04-01,LOWER WHITE RIVER,HYDRO,Output,5,5,5,5,5,5,5,2,1,1,1,1,1,1,1,4,5,5,3,5,5,5,5,5,
2024-04-01,LOWERNOTCH,HYDRO,Capability,274,274,274,274,274,274,274,274,274,274,274,274,274,274,274,274,274,274,274,274,274,274,274,274,
2024-04-01,LOWERNOTCH,HYDRO,Output,0,0,0,0,0,96,109,108,108,108,108,11,0,0,0,0,0,108,111,111,6,0,0,0,
2024-04-01,MACKAYGS,HYDRO,Capability,62,62,62,62,62,62,62,62,62,62,62,62,62,62,62,62,62,62,62,62,62,62,62,62,
2024-04-01,MACKAYGS,HYDRO,Output,0,0,0,0,0,0,0,0,0,0,0,0,0,0,0,38,44,40,17,13,17,15,1,0,
2024-04-01,MANITOUFALLS,HYDRO,Capability,74,74,74,74,74,74,74,74,74,74,74,74,74,74,74,74,74,74,74,74,74,74,74,74,
2024-04-01,MANITOUFALLS,HYDRO,Output,25,25,25,25,25,26,26,26,25,25,26,25,25,24,24,24,25,24,24,24,24,24,24,24,
2024-04-01,MCLEANSMTNWF-LT.AG_T1,WIND,Available Capacity,60,60,60,60,60,60,60,60,60,60,60,60,60,60,60,60,60,60,60,60,60,60,60,60,
2024-04-01,MCLEANSMTNWF-LT.AG_T1,WIND,Forecast,10,15,18,27,17,13,8,8,5,6,8,6,6,1,1,0,0,0,2,16,29,22,28,26,
2024-04-01,MCLEANSMTNWF-LT.AG_T1,WIND,Output,10,16,21,26,18,13,8,7,6,7,8,7,5,2,1,0,0,0,4,20,29,24,28,26,
2024-04-01,MISSION,HYDRO,Capability,15,15,15,15,15,15,15,15,15,15,15,15,15,15,15,15,15,15,15,15,15,15,15,15,
2024-04-01,MISSION,HYDRO,Output,4,4,4,4,4,4,4,4,4,4,5,7,11,12,12,12,13,13,13,13,13,10,7,4,
2024-04-01,MTNCHUTE,HYDRO,Capability,173,173,173,173,173,173,173,173,173,173,173,173,173,173,173,173,173,173,173,173,173,173,173,173,
2024-04-01,MTNCHUTE,HYDRO,Output,0,0,0,0,0,0,0,0,68,2,0,0,0,0,0,0,0,0,68,1,0,0,0,0,
2024-04-01,NAGAGAMI,HYDRO,Capability,9,9,9,9,9,9,9,9,9,9,9,9,9,9,9,9,9,9,9,9,9,9,9,9,
2024-04-01,NAGAGAMI,HYDRO,Output,4,4,4,4,4,4,4,4,4,4,4,5,5,5,5,5,5,5,5,4,4,4,4,4,
2024-04-01,NANTICOKE SOLAR,SOLAR,Available Capacity,44,44,44,44,44,44,44,44,44,44,44,44,44,44,44,44,44,44,44,44,44,44,44,44,
2024-04-01,NANTICOKE SOLAR,SOLAR,Forecast,0,0,0,0,0,0,0,4,16,37,41,43,43,43,43,37,19,7,0,0,0,0,0,0,
2024-04-01,NANTICOKE SOLAR,SOLAR,Output,0,0,0,0,0,0,1,3,21,39,43,44,44,44,44,37,19,9,1,0,0,0,0,0,
2024-04-01,NAPANEE-G1,GAS,Capability,260,260,260,260,260,260,260,260,260,260,260,260,260,260,260,260,260,260,260,260,260,260,260,260,
2024-04-01,NAPANEE-G1,GAS,Output,199,197,198,197,197,198,250,264,261,259,257,255,255,257,257,257,258,258,257,257,237,238,242,202,
2024-04-01,NAPANEE-G2,GAS,Capability,260,260,260,260,260,260,260,260,260,260,260,260,260,260,260,260,260,260,260,260,260,260,260,260,
2024-04-01,NAPANEE-G2,GAS,Output,199,197,198,197,197,198,249,262,259,257,255,252,252,254,254,253,254,255,255,255,236,237,241,202,
2024-04-01,NAPANEE-G3,GAS,Capability,458,458,458,458,458,458,458,458,458,458,458,458,458,458,458,458,458,458,458,458,458,458,458,458,
2024-04-01,NAPANEE-G3,GAS,Output,224,222,222,222,222,222,312,436,438,438,436,425,421,404,362,409,426,438,438,434,305,266,283,226,
2024-04-01,NIPIGONGS,GAS,Capability,23,23,23,23,23,23,23,23,23,23,23,23,23,23,23,23,23,23,23,23,23,23,23,23,
2024-04-01,NIPIGONGS,GAS,Output, , , , , , , , , , , , , , , , , , , , , , , , ,
2024-04-01,NORTH KENT,WIND,Available Capacity,99,99,99,99,99,99,99,99,99,99,99,99,99,99,99,99,99,99,99,99,99,99,99,99,
2024-04-01,NORTH KENT,WIND,Forecast,7,3,10,17,12,17,21,27,19,12,14,11,9,10,6,12,20,32,49,39,22,6,10,17,
2024-04-01,NORTH KENT,WIND,Output,7,4,13,16,13,17,20,27,19,12,14,11,9,10,6,14,20,37,47,34,1,6,11,19,
2024-04-01,NORTHBAYGS,GAS,Capability,60,60,60,60,60,60,60,60,60,60,60,60,60,60,60,60,60,60,60,60,60,60,60,60,
2024-04-01,NORTHBAYGS,GAS,Output,0,0,0,0,0,0,0,0,0,0,0,0,0,0,0,0,0,0,0,0,0,0,0,0,
2024-04-01,NORTHLAND POWER SOLAR FACILITIES,SOLAR,Available Capacity,40,40,40,40,40,40,40,40,40,40,40,40,40,40,40,40,40,40,40,40,40,40,40,40,
2024-04-01,NORTHLAND POWER SOLAR FACILITIES,SOLAR,Forecast,0,0,0,0,0,0,0,1,3,4,7,22,37,37,37,36,25,10,1,0,0,0,0,0,
2024-04-01,NORTHLAND POWER SOLAR FACILITIES,SOLAR,Output,0,0,0,0,0,0,0,0,2,4,8,27,39,39,39,38,25,11,1,0,0,0,0,0,
2024-04-01,NPCOCHRANE,GAS,Capability,0,0,0,0,0,0,0,0,0,0,0,0,0,0,0,0,0,0,0,0,0,0,0,0,
2024-04-01,NPCOCHRANE,GAS,Output,0,0,0,0,0,0,0,0,0,0,0,0,0,0,0,0,0,0,0,0,0,0,0,0,
2024-04-01,NPIROQFALLS,GAS,Capability,0,0,0,0,0,0,0,0,0,0,0,0,0,0,0,0,0,0,0,0,0,0,0,0,
2024-04-01,NPIROQFALLS,GAS,Output,0,0,0,0,0,0,0,0,0,0,0,0,0,0,0,0,0,0,0,0,0,0,0,0,
2024-04-01,NPKIRKLAND-G1-G5,GAS,Capability,86,86,86,86,86,86,86,86,86,86,86,86,86,86,86,86,86,86,86,86,86,86,86,86,
2024-04-01,NPKIRKLAND-G1-G5,GAS,Output,0,0,0,0,0,0,1,1,1,1,1,1,1,1,16,28,30,30,38,43,6,0,0,0,
2024-04-01,NPKIRKLAND-G6,GAS,Capability,33,33,33,33,33,33,33,33,33,33,33,33,33,33,33,33,33,33,33,33,33,33,33,33,
2024-04-01,NPKIRKLAND-G6,GAS,Output,0,0,0,0,0,0,0,0,0,0,0,0,0,0,0,0,0,0,0,19,2,0,0,0,
2024-04-01,OTTERRAPIDS,HYDRO,Capability,182,182,182,182,182,182,182,182,182,182,182,182,182,182,182,182,182,182,182,182,182,182,182,182,
2024-04-01,OTTERRAPIDS,HYDRO,Output,3,3,3,3,3,39,43,43,73,41,41,41,41,41,41,41,41,41,44,54,1,0,4,0,
2024-04-01,PAROCHES,WIND,Available Capacity,49,49,49,49,49,49,49,49,49,49,49,49,49,49,49,49,49,49,49,49,49,49,49,49,
2024-04-01,PAROCHES,WIND,Forecast,0,2,2,7,8,11,27,14,15,7,7,10,9,4,2,1,1,2,14,32,5,8,9,12,
2024-04-01,PAROCHES,WIND,Output,0,2,3,8,9,14,21,15,14,8,7,11,9,5,2,1,1,2,12,22,6,8,10,9,
2024-04-01,PETER SUTHERLAND SR,HYDRO,Capability,27,27,27,27,27,27,27,27,27,27,27,27,27,27,27,27,27,27,27,27,27,27,27,27,
2024-04-01,PETER SUTHERLAND SR,HYDRO,Output,0,0,0,0,0,0,0,1,6,5,6,6,6,6,6,6,6,6,6,6,6,6,6,5,
2024-04-01,PICKERINGA-G1,NUCLEAR,Capability,515,515,515,515,515,515,515,515,515,515,515,515,515,515,515,515,515,515,515,515,515,515,515,515,
2024-04-01,PICKERINGA-G1,NUCLEAR,Output,520,521,520,521,521,521,521,521,521,520,519,520,521,521,520,520,521,521,521,521,520,521,521,522,
2024-04-01,PICKERINGA-G4,NUCLEAR,Capability,430,430,430,430,430,430,425,425,425,425,425,425,425,425,425,425,425,425,410,410,410,410,410,410,
2024-04-01,PICKERINGA-G4,NUCLEAR,Output,429,428,427,427,426,426,424,423,423,423,422,422,420,419,418,418,417,417,415,415,414,413,413,412,
2024-04-01,PICKERINGB-G5,NUCLEAR,Capability,525,525,525,525,525,525,525,525,525,525,525,525,525,525,525,525,525,525,525,525,525,525,525,525,
2024-04-01,PICKERINGB-G5,NUCLEAR,Output,535,530,531,531,532,532,531,530,532,531,531,532,532,532,532,532,532,532,532,532,529,531,531,530,
2024-04-01,PICKERINGB-G6,NUCLEAR,Capability,515,515,515,515,515,515,515,515,515,515,515,515,515,515,515,515,515,515,515,515,515,515,515,515,
2024-04-01,PICKERINGB-G6,NUCLEAR,Output,515,517,517,517,517,517,517,515,517,517,517,517,517,517,517,517,515,517,517,517,515,517,517,517,
2024-04-01,PICKERINGB-G7,NUCLEAR,Capability,0,0,0,0,0,0,0,0,0,0,0,0,0,0,0,0,0,0,0,0,0,0,0,0,
2024-04-01,PICKERINGB-G7,NUCLEAR,Output,0,0,0,0,0,0,0,0,0,0,0,0,0,0,0,0,0,0,0,0,0,0,0,0,
2024-04-01,PICKERINGB-G8,NUCLEAR,Capability,518,518,518,518,518,518,518,518,518,518,518,518,518,518,518,518,518,518,518,518,518,518,518,518,
2024-04-01,PICKERINGB-G8,NUCLEAR,Output,521,521,521,519,521,522,520,521,520,522,520,521,522,520,522,522,520,522,522,522,522,520,520,522,
2024-04-01,PINEPORTAGE,HYDRO,Capability,146,146,146,146,146,146,146,146,146,146,146,146,146,146,146,146,146,146,146,146,146,146,146,146,
2024-04-01,PINEPORTAGE,HYDRO,Output,58,58,58,58,58,58,58,58,58,58,58,58,58,57,57,57,57,56,56,56,56,57,56,56,
2024-04-01,PORT BURWELL,WIND,Available Capacity,99,99,99,99,99,99,99,99,99,99,99,99,99,99,99,99,99,99,99,99,99,99,99,99,
2024-04-01,PORT BURWELL,WIND,Forecast,7,5,1,3,8,18,33,25,20,10,4,1,0,4,12,10,13,6,15,41,71,49,32,65,
2024-04-01,PORT BURWELL,WIND,Output,9,4,1,4,9,20,21,24,20,10,4,1,1,6,13,11,13,7,12,28,63,45,34,60,
2024-04-01,PORTALMA-T1,WIND,Available Capacity,101,101,101,101,101,101,101,101,101,101,101,101,101,101,101,101,101,101,101,101,101,101,101,101,
2024-04-01,PORTALMA-T1,WIND,Forecast,3,4,3,6,14,16,40,25,7,4,6,13,20,26,24,17,13,13,28,82,34,37,66,94,
2024-04-01,PORTALMA-T1,WIND,Output,3,5,2,8,15,17,30,22,6,5,7,15,21,27,23,17,13,13,23,69,27,37,73,93,
2024-04-01,PORTALMA-T3,WIND,Available Capacity,101,101,101,101,101,101,101,101,101,101,101,101,101,101,101,101,101,101,101,101,101,101,101,101,
2024-04-01,PORTALMA-T3,WIND,Forecast,2,5,2,8,16,18,44,27,11,8,8,8,11,25,24,13,7,8,27,75,22,28,54,90,
2024-04-01,PORTALMA-T3,WIND,Output,2,6,3,10,17,20,35,25,10,9,7,9,13,27,23,12,8,8,23,58,18,28,60,89,
2024-04-01,PORTLANDS-G1,GAS,Capability,194,194,194,194,194,194,194,194,194,194,194,194,194,194,194,194,194,194,194,194,194,194,194,194,
2024-04-01,PORTLANDS-G1,GAS,Output,173,173,172,153,173,155,172,174,172,171,164,154,172,142,121,153,164,171,171,154,124,141,139,120,
2024-04-01,PORTLANDS-G2,GAS,Capability,194,194,194,194,194,194,194,194,194,194,194,194,194,194,194,194,194,194,194,194,194,194,194,194,
2024-04-01,PORTLANDS-G2,GAS,Output,177,178,178,178,177,160,177,178,177,175,169,159,177,146,125,157,169,176,176,162,130,146,148,124,
2024-04-01,PORTLANDS-G3,GAS,Capability,225,225,225,225,225,225,225,225,225,225,225,225,225,225,225,225,225,225,225,225,225,225,225,225,
2024-04-01,PORTLANDS-G3,GAS,Output,204,204,204,197,206,184,215,219,222,215,200,189,211,187,151,177,193,213,218,197,153,169,170,151,
2024-04-01,PRINCEFARM,WIND,Available Capacity,189,189,189,189,189,189,189,189,189,189,189,189,189,189,189,189,189,189,189,189,189,189,189,189,
2024-04-01,PRINCEFARM,WIND,Forecast,14,22,17,8,10,3,1,6,4,3,2,1,0,3,14,12,11,2,0,0,0,0,1,1,
2024-04-01,PRINCEFARM,WIND,Output,15,23,15,9,9,3,1,7,4,3,2,2,0,5,16,12,11,1,0,0,0,0,0,1,
2024-04-01,RAILBEDWF-LT.AG_SR,WIND,Available Capacity,270,270,270,270,270,270,270,270,270,270,270,270,270,270,270,270,270,270,270,270,270,270,270,270,
2024-04-01,RAILBEDWF-LT.AG_SR,WIND,Forecast,22,10,11,40,43,45,107,51,21,16,20,17,13,17,35,30,16,12,39,172,100,129,196,248,
2024-04-01,RAILBEDWF-LT.AG_SR,WIND,Output,21,10,13,43,45,44,74,45,18,15,19,17,12,20,35,30,16,12,30,132,74,142,206,243,
2024-04-01,RAYNER,HYDRO,Capability,42,42,42,42,42,42,42,42,42,42,42,42,42,42,42,42,42,42,42,42,42,42,42,42,
2024-04-01,RAYNER,HYDRO,Output,26,2,0,0,0,0,30,31,24,22,27,30,27,23,22,25,32,24,29,22,33,27,27,1,
2024-04-01,REDROCK,HYDRO,Capability,48,48,48,48,48,48,48,48,48,48,48,48,48,48,48,48,48,48,48,48,48,48,48,48,
2024-04-01,REDROCK,HYDRO,Output,25,26,26,26,26,26,26,26,26,26,26,26,26,26,25,25,25,25,25,24,25,24,24,25,
2024-04-01,RIPLEY SOUTH,WIND,Available Capacity,76,76,76,76,76,76,76,76,76,76,76,76,76,76,76,76,76,76,76,76,76,76,76,76,
2024-04-01,RIPLEY SOUTH,WIND,Forecast,0,1,1,1,4,7,6,6,6,7,9,16,17,22,30,29,22,13,7,15,25,22,19,8,
2024-04-01,RIPLEY SOUTH,WIND,Output,0,2,1,2,5,8,7,6,7,7,10,17,18,24,32,30,20,12,8,17,26,22,18,8,
2024-04-01,ROMNEY,WIND,Available Capacity,56,56,56,56,56,56,56,56,56,56,56,56,56,56,56,56,56,56,56,56,56,56,56,56,
2024-04-01,ROMNEY,WIND,Forecast,4,8,5,6,12,20,36,34,16,8,6,7,9,17,19,9,7,11,23,44,32,34,43,51,
2024-04-01,ROMNEY,WIND,Output,4,9,6,7,13,23,32,34,14,8,5,8,11,20,18,8,9,13,26,40,33,35,49,53,
2024-04-01,SANDUSK-LT.AG_T1,WIND,Available Capacity,104,104,104,104,104,104,104,104,104,104,104,104,104,104,104,104,104,104,104,104,104,104,104,104,
2024-04-01,SANDUSK-LT.AG_T1,WIND,Forecast,4,9,3,4,23,38,63,53,42,30,20,14,15,11,11,16,27,15,25,38,59,73,35,54,
2024-04-01,SANDUSK-LT.AG_T1,WIND,Output,7,7,3,6,25,43,64,55,41,30,19,15,15,11,12,18,26,16,28,41,62,71,37,54,
2024-04-01,SAUNDERS,HYDRO,Capability,924,924,924,924,924,924,924,924,924,924,924,924,924,924,924,924,924,924,924,924,924,924,924,924,
2024-04-01,SAUNDERS,HYDRO,Output,820,819,819,817,817,818,847,849,848,846,847,844,842,840,848,854,842,842,815,816,815,814,814,814,
2024-04-01,SHANNON,WIND,Available Capacity,91,91,91,91,91,91,91,91,91,91,91,91,91,91,91,91,91,91,91,91,91,91,91,91,
2024-04-01,SHANNON,WIND,Forecast,0,0,0,0,0,0,1,0,0,3,9,8,10,6,5,7,1,4,7,2,7,17,21,29,
2024-04-01,SHANNON,WIND,Output,0,0,0,0,0,1,2,0,1,4,9,9,10,7,6,7,1,5,7,3,8,18,22,32,
2024-04-01,SILVERFALLS,HYDRO,Capability,52,52,52,52,52,52,52,52,52,52,52,52,52,52,52,52,52,52,52,52,52,52,52,52,
2024-04-01,SILVERFALLS,HYDRO,Output,0,46,48,2,0,46,48,31,0,42,47,5,0,42,47,5,0,42,47,2,0,45,2,0,
2024-04-01,SITHE GOREWAY-G11,GAS,Capability,193,193,193,193,193,193,193,193,193,193,193,193,193,193,193,193,193,193,193,193,193,193,193,193,
2024-04-01,SITHE GOREWAY-G11,GAS,Output,0,0,0,0,0,0,0,0,0,0,0,0,0,0,0,0,0,0,0,0,0,0,0,0,
2024-04-01,SITHE GOREWAY-G12,GAS,Capability,193,193,193,193,193,193,193,193,193,193,193,193,193,193,193,193,193,193,193,193,193,193,193,193,
2024-04-01,SITHE GOREWAY-G12,GAS,Output,33,0,0,0,47,56,122,193,195,167,89,62,174,94,61,85,121,177,60,0,0,0,0,0,
2024-04-01,SITHE GOREWAY-G13,GAS,Capability,193,193,193,193,193,193,193,193,193,193,193,193,193,193,193,193,193,193,193,193,193,193,193,193,
2024-04-01,SITHE GOREWAY-G13,GAS,Output,30,0,0,0,42,51,116,186,188,159,84,57,168,86,55,80,116,170,54,0,0,0,0,0,
2024-04-01,SITHE GOREWAY-G15,GAS,Capability,350,350,350,350,350,350,350,350,350,350,350,350,350,350,350,350,350,350,350,350,350,350,350,350,
2024-04-01,SITHE GOREWAY-G15,GAS,Output,23,0,0,0,0,42,138,179,184,170,125,107,165,131,107,118,139,170,75,0,0,0,0,0,
2024-04-01,SMOKY 2,HYDRO,Capability,88,88,88,88,88,88,88,88,88,88,88,88,88,88,88,88,88,88,88,88,88,88,0,88,
2024-04-01,SMOKY 2,HYDRO,Output,0,0,0,0,0,81,83,83,83,83,83,83,83,83,83,83,85,84,88,88,88,88,3,0,
2024-04-01,SOUTHGATE SF,SOLAR,Available Capacity,50,50,50,50,50,50,50,50,50,50,50,50,50,50,50,50,50,50,50,50,50,50,50,50,
2024-04-01,SOUTHGATE SF,SOLAR,Forecast,0,0,0,0,0,0,1,10,26,38,47,49,44,37,29,23,13,4,0,0,0,0,0,0,
2024-04-01,SOUTHGATE SF,SOLAR,Output,0,0,0,0,0,0,1,12,27,38,48,50,43,35,29,24,11,5,0,0,0,0,0,0,
2024-04-01,SPENCE,WIND,Available Capacity,99,99,99,99,99,99,99,99,99,99,99,99,99,99,99,99,99,99,99,99,99,99,99,99,
2024-04-01,SPENCE,WIND,Forecast,6,2,2,11,14,15,22,17,4,2,7,3,5,6,11,11,7,10,15,63,69,39,71,81,
2024-04-01,SPENCE,WIND,Output,6,2,3,14,14,15,15,14,3,3,7,4,5,7,12,12,7,12,13,50,54,49,72,80,
2024-04-01,STCLAIRCGS,GAS,Capability,618,618,618,618,618,618,618,320,320,320,355,618,618,618,618,618,618,618,618,618,618,618,618,618,
2024-04-01,STCLAIRCGS,GAS,Output,571,577,563,533,579,537,537,509,299,296,434,529,560,540,518,529,547,600,600,532,416,515,518,274,
2024-04-01,STEEPHILL,HYDRO,Capability,15,15,15,15,15,15,15,15,15,15,15,15,15,15,15,15,15,15,15,15,15,15,15,15,
2024-04-01,STEEPHILL,HYDRO,Output,2,2,2,2,2,6,12,12,12,12,12,12,12,12,12,12,6,2,2,2,2,2,2,2,
2024-04-01,STEWARTVLE,HYDRO,Capability,124,124,124,124,124,124,124,124,124,124,102,124,124,124,124,124,124,124,124,124,124,124,102,124,
2024-04-01,STEWARTVLE,HYDRO,Output,0,0,0,0,0,0,0,18,19,19,0,0,0,0,0,0,18,18,19,19,19,18,0,0,
2024-04-01,STONE MILLS SF,SOLAR,Available Capacity,54,54,54,54,54,54,54,54,54,54,54,54,54,54,54,54,54,54,54,54,54,54,54,54,
2024-04-01,STONE MILLS SF,SOLAR,Forecast,0,0,0,0,0,0,2,16,20,32,48,51,52,53,43,38,23,5,0,0,0,0,0,0,
2024-04-01,STONE MILLS SF,SOLAR,Output,0,0,0,0,0,0,3,16,20,36,50,51,53,53,43,37,24,6,1,0,0,0,0,0,
2024-04-01,SUMMERHAVEN,WIND,Available Capacity,124,124,124,124,124,124,124,124,124,124,124,124,124,124,124,124,124,124,124,124,124,124,124,124,
2024-04-01,SUMMERHAVEN,WIND,Forecast,1,8,2,3,29,33,65,53,44,37,24,15,18,13,13,19,31,18,20,28,51,72,28,72,
2024-04-01,SUMMERHAVEN,WIND,Output,3,7,3,6,31,40,68,54,45,35,22,17,18,13,14,21,30,19,21,31,54,71,31,73,
2024-04-01,TAOHSC,GAS,Capability,70,70,70,70,70,70,70,70,70,70,70,70,70,70,70,70,70,70,70,70,70,70,70,70,
2024-04-01,TAOHSC,GAS,Output,0,0,0,0,0,0,0,0,0,0,0,0,0,5,12,26,48,52,54,58,53,13,0,0,
2024-04-01,TASARNIA,GAS,Capability,505,505,505,505,505,505,505,505,505,505,505,505,505,505,505,505,505,505,505,505,505,505,505,505,
2024-04-01,TASARNIA,GAS,Output,392,392,392,391,391,392,392,392,392,392,392,392,391,391,390,391,391,391,391,391,302,264,244,234,
2024-04-01,TAWINDSOR,GAS,Capability,76,76,76,76,76,76,76,76,76,76,76,76,76,76,76,76,76,76,76,76,76,76,76,76,
2024-04-01,TAWINDSOR,GAS,Output,0,0,0,0,0,0,0,0,0,0,0,0,0,0,0,0,0,0,0,0,0,0,0,0,
2024-04-01,TBAYBOWATER CTS,BIOFUEL,Capability,50,50,50,50,50,50,50,50,50,50,50,50,50,50,50,50,50,50,50,50,50,50,50,50,
2024-04-01,TBAYBOWATER CTS,BIOFUEL,Output,0,0,0,0,0,3,10,8,5,8,9,11,11,7,5,12,2,0,0,0,0,0,0,0,
2024-04-01,THOROLDCGS,GAS,Capability,285,285,285,285,285,285,285,285,285,285,285,285,285,285,285,285,285,285,285,285,285,285,285,285,
2024-04-01,THOROLDCGS,GAS,Output,233,253,233,198,232,223,234,239,259,216,198,198,226,196,196,205,206,250,256,237,198,204,119,0,
2024-04-01,TUNISGS,GAS,Capability,59,59,59,59,59,59,59,59,59,59,59,59,59,59,59,59,59,59,59,59,59,59,59,59,
2024-04-01,TUNISGS,GAS,Output,0,0,0,0,0,0,0,0,0,0,0,0,0,0,0,0,0,0,0,0,0,0,0,0,
2024-04-01,UMBATAFALLS,HYDRO,Capability,24,24,24,24,24,24,24,24,24,24,24,24,24,24,24,24,24,24,24,24,24,24,24,24,
2024-04-01,UMBATAFALLS,HYDRO,Output,13,13,13,13,13,13,13,13,13,13,13,13,13,13,13,13,13,13,13,14,13,14,14,14,
2024-04-01,UNDERWOOD,WIND,Available Capacity,182,182,182,182,182,182,182,182,182,182,182,182,182,182,182,182,182,182,182,182,182,182,182,182,
2024-04-01,UNDERWOOD,WIND,Forecast,0,0,0,0,1,0,3,0,0,4,12,19,3,8,21,23,26,27,7,33,57,37,34,42,
2024-04-01,UNDERWOOD,WIND,Output,0,0,0,0,1,0,3,0,0,6,14,17,3,10,23,24,24,25,7,40,56,33,35,43,
2024-04-01,UPPER WHITE RIVER,HYDRO,Capability,0,0,0,0,0,0,0,0,0,0,0,0,0,0,0,0,0,0,0,0,0,0,0,0,
2024-04-01,UPPER WHITE RIVER,HYDRO,Output,2,2,2,2,2,2,2,2,2,2,2,2,2,2,3,3,3,3,3,3,3,3,3,3,
2024-04-01,WELLS,HYDRO,Capability,235,235,235,235,235,235,235,235,235,235,235,235,235,235,235,235,235,235,235,235,235,235,235,235,
2024-04-01,WELLS,HYDRO,Output,35,1,0,0,0,0,0,28,102,0,0,0,0,0,0,0,0,0,109,202,199,198,8,0,
2024-04-01,WEST LINCOLN NRWF,WIND,Available Capacity,227,227,227,227,227,227,227,227,227,227,227,227,227,227,227,227,227,227,227,227,227,227,227,227,
2024-04-01,WEST LINCOLN NRWF,WIND,Forecast,1,13,15,20,26,65,90,85,72,58,39,36,38,31,25,39,51,37,14,31,69,116,82,62,
2024-04-01,WEST LINCOLN NRWF,WIND,Output,1,16,16,20,34,70,98,85,74,58,38,37,39,31,26,42,54,34,14,34,77,134,63,75,
2024-04-01,WESTWINDSOR,GAS,Capability,143,143,143,143,143,143,143,143,143,143,143,143,143,143,143,143,143,143,143,143,143,143,143,143,
2024-04-01,WESTWINDSOR,GAS,Output,0,0,0,0,0,0,0,0,0,0,0,0,0,0,0,0,0,0,0,0,0,0,0,0,
2024-04-01,WHITBYCGS,GAS,Capability,55,55,55,55,55,55,55,55,55,55,55,55,55,55,55,55,55,55,55,55,55,55,55,55,
2024-04-01,WHITBYCGS,GAS,Output, , , , , , , , , , , , , , , , , , , , , , , , ,
2024-04-01,WHITEDOG,HYDRO,Capability,68,68,68,68,68,68,68,68,68,68,68,68,68,68,68,68,68,68,68,68,68,68,68,68,
2024-04-01,WHITEDOG,HYDRO,Output,24,24,24,24,24,24,24,25,29,22,22,22,22,22,22,22,22,22,22,22,22,22,22,22,
2024-04-01,WINDSOR AIRPORT SF,SOLAR,Available Capacity,50,50,50,50,50,50,50,50,50,50,50,50,50,50,50,50,50,50,50,50,50,50,50,50,
2024-04-01,WINDSOR AIRPORT SF,SOLAR,Forecast,0,0,0,0,0,0,0,3,19,26,44,48,48,48,45,29,13,3,0,0,0,0,0,0,
2024-04-01,WINDSOR AIRPORT SF,SOLAR,Output,0,0,0,0,0,0,0,4,20,29,46,49,49,49,46,25,12,3,0,0,0,0,0,0,
2024-04-01,WOLFE ISLAND,WIND,Available Capacity,198,198,198,198,198,198,198,198,198,198,198,198,198,198,198,198,198,198,198,198,198,198,198,198,
2024-04-01,WOLFE ISLAND,WIND,Forecast,7,0,0,0,0,7,6,1,0,0,0,0,1,3,1,3,3,4,24,58,67,77,41,48,
2024-04-01,WOLFE ISLAND,WIND,Output,7,0,0,0,2,7,7,1,0,0,0,1,2,3,1,3,3,6,28,59,71,73,41,48,
2024-04-01,YORKCGS-G1,GAS,Capability,232,232,232,232,232,232,232,232,232,232,232,232,232,232,232,232,232,232,232,232,232,232,232,232,
2024-04-01,YORKCGS-G1,GAS,Output,0,0,0,0,0,0,0,0,0,0,0,0,0,0,0,0,0,0,0,0,0,0,0,0,
2024-04-01,YORKCGS-G2,GAS,Capability,232,232,232,232,232,232,232,232,232,232,232,232,232,232,232,232,232,232,232,232,232,232,232,232,
2024-04-01,YORKCGS-G2,GAS,Output,0,0,0,0,0,0,0,0,0,0,0,0,0,0,0,0,0,0,0,0,0,0,0,0,
2024-04-01,ZURICH,WIND,Available Capacity,99,99,99,99,99,99,99,99,99,99,99,99,99,99,99,99,99,99,99,99,99,99,99,99,
2024-04-01,ZURICH,WIND,Forecast,0,0,0,1,11,8,23,20,25,22,19,13,24,38,58,58,63,17,16,45,66,25,68,42,
2024-04-01,ZURICH,WIND,Output,0,0,0,1,13,9,25,20,27,21,20,13,26,41,62,61,57,17,16,53,61,31,66,43,
2024-04-02,ABKENORA,HYDRO,Capability,11,11,11,11,11,11,11,11,11,11,11,11,11,11,11,11,11,11,11,11,11,11,11,11,
2024-04-02,ABKENORA,HYDRO,Output,9,9,9,9,9,9,9,9,9,9,9,9,9,9,9,9,9,9,9,9,9,9,9,9,
2024-04-02,ADELAIDE,WIND,Available Capacity,60,60,60,60,60,60,60,60,60,60,60,60,60,60,60,60,60,60,60,60,60,60,60,60,
2024-04-02,ADELAIDE,WIND,Forecast,27,25,34,45,46,53,53,55,55,56,53,52,52,53,53,52,56,57,57,57,57,57,57,57,
2024-04-02,ADELAIDE,WIND,Output,29,24,36,34,21,54,54,55,55,57,53,52,52,53,53,52,56,57,57,57,57,57,57,57,
2024-04-02,AGUASABON,HYDRO,Capability,49,49,49,49,49,49,49,49,49,49,49,49,49,49,49,49,49,49,49,49,49,49,49,49,
2024-04-02,AGUASABON,HYDRO,Output,20,20,20,20,20,20,20,20,20,20,20,20,20,20,20,20,20,20,20,20,20,20,20,20,
2024-04-02,ALEXANDER,HYDRO,Capability,65,65,65,65,65,65,65,65,65,53,53,53,53,53,53,53,53,53,53,53,53,53,53,53,
2024-04-02,ALEXANDER,HYDRO,Output,40,40,40,40,40,40,40,40,40,40,41,41,41,41,41,41,41,41,41,41,41,41,41,41,
2024-04-02,AMARANTH,WIND,Available Capacity,190,190,190,190,190,190,190,190,190,190,190,190,190,190,190,190,190,190,190,190,190,190,190,190,
2024-04-02,AMARANTH,WIND,Forecast,64,68,75,100,97,93,115,115,112,120,123,131,142,140,133,132,135,132,137,141,146,130,127,131,
2024-04-02,AMARANTH,WIND,Output,70,76,91,108,108,108,136,140,133,128,128,128,128,153,158,158,145,140,140,140,140,130,130,130,
2024-04-02,AMHERST ISLAND,WIND,Available Capacity,74,74,74,74,74,74,74,74,74,74,74,74,74,74,74,74,74,74,74,74,74,74,74,74,
2024-04-02,AMHERST ISLAND,WIND,Forecast,39,36,42,40,50,63,62,62,59,59,60,60,57,47,59,57,60,58,47,27,58,69,72,72,
2024-04-02,AMHERST ISLAND,WIND,Output,39,37,44,40,49,64,63,62,59,60,61,60,58,47,62,58,62,59,45,29,61,71,73,73,
2024-04-02,APIROQUOIS,HYDRO,Capability,99,99,99,99,99,99,92,92,92,92,92,92,92,92,92,99,99,99,99,99,99,99,99,99,
2024-04-02,APIROQUOIS,HYDRO,Output,30,30,30,30,30,31,31,31,32,31,31,41,41,41,41,41,41,41,41,41,41,41,30,29,
2024-04-02,ARMOW,WIND,Available Capacity,180,180,180,180,180,180,180,180,180,180,180,180,180,180,180,180,180,180,180,180,180,180,180,180,
2024-04-02,ARMOW,WIND,Forecast,61,84,89,122,160,166,166,169,168,164,155,164,165,171,174,174,174,174,173,173,171,169,173,173,
2024-04-02,ARMOW,WIND,Output,64,85,90,131,154,168,167,170,169,163,154,166,165,173,174,175,175,175,174,174,172,172,175,174,
2024-04-02,ARNPRIOR,HYDRO,Capability,76,76,76,76,76,76,76,76,76,76,76,76,76,76,76,76,76,76,76,76,76,76,76,76,
2024-04-02,ARNPRIOR,HYDRO,Output,0,0,0,0,0,0,33,37,2,0,0,0,0,0,0,0,0,0,34,1,37,1,0,0,
2024-04-02,ATIKOKAN-G1,BIOFUEL,Capability,215,215,215,215,215,215,215,215,215,215,215,215,215,215,215,215,215,215,215,215,215,215,215,215,
2024-04-02,ATIKOKAN-G1,BIOFUEL,Output,0,0,0,0,0,0,0,0,0,0,0,0,0,0,0,7,34,52,52,53,56,11,0,0,
2024-04-02,AUBREYFALLS,HYDRO,Capability,146,146,146,146,146,146,146,146,146,146,146,146,146,146,146,146,146,146,146,146,146,146,146,146,
2024-04-02,AUBREYFALLS,HYDRO,Output,0,0,0,0,0,0,0,0,0,0,0,0,0,0,0,0,18,1,4,66,3,0,0,0,
2024-04-02,BARRETT,HYDRO,Capability,155,155,155,155,155,155,155,155,155,155,155,155,155,155,155,155,155,155,155,155,155,155,155,155,
2024-04-02,BARRETT,HYDRO,Output,0,0,0,0,0,0,0,22,17,18,19,19,19,20,13,3,12,18,18,1,0,0,0,0,
2024-04-02,BECK1,HYDRO,Capability,1007,1007,1007,1007,1007,1007,1007,1007,1007,1007,1007,1007,1007,1007,1007,1007,1007,1007,1007,1007,1007,1007,1007,1007,
2024-04-02,BECK1,HYDRO,Output,408,419,400,150,141,207,141,141,168,145,147,147,146,146,147,147,150,139,142,177,186,304,138,139,
2024-04-02,BECK2,HYDRO,Capability,1570,1570,1570,1570,1570,1570,1570,1570,1570,1570,1570,1570,1570,1570,1570,1570,1570,1570,1570,1570,1570,1570,1570,1570,
2024-04-02,BECK2,HYDRO,Output,1275,1208,1183,985,927,1267,1209,1115,1198,1110,1091,1086,960,961,1049,1156,1310,1161,1168,1269,1327,1216,975,1066,
2024-04-02,BECK2 PGS,HYDRO,Capability,87,87,87,87,87,87,87,87,87,73,73,73,73,73,87,87,87,87,87,87,87,87,87,87,
2024-04-02,BECK2 PGS,HYDRO,Output,0,0,0,0,0,10,14,2,11,6,5,14,3,3,2,12,31,9,0,0,0,0,0,0,
2024-04-02,BELLE RIVER,WIND,Available Capacity,100,100,100,100,100,100,100,100,100,100,100,100,100,100,100,100,100,100,100,100,100,100,100,100,
2024-04-02,BELLE RIVER,WIND,Forecast,29,44,54,79,88,92,89,76,79,61,68,74,88,82,81,94,95,94,94,94,91,80,85,85,
2024-04-02,BELLE RIVER,WIND,Output,31,44,55,77,64,93,89,75,80,59,70,76,89,81,84,95,95,95,94,94,92,80,40,31,
2024-04-02,BLAKE,WIND,Available Capacity,60,60,60,60,60,60,60,60,60,60,60,60,60,60,60,60,60,60,60,60,60,60,60,60,
2024-04-02,BLAKE,WIND,Forecast,32,26,41,54,55,55,55,55,55,55,55,54,55,55,55,55,55,55,53,53,52,50,52,52,
2024-04-02,BLAKE,WIND,Output,33,26,44,55,56,56,56,56,56,56,56,55,56,56,56,56,56,56,54,54,53,51,53,53,
2024-04-02,BORNISH,WIND,Available Capacity,73,73,73,73,73,73,73,73,73,73,73,73,73,73,73,73,73,73,73,73,73,73,73,73,
2024-04-02,BORNISH,WIND,Forecast,22,21,32,57,69,70,68,70,70,70,69,69,69,70,70,69,70,70,69,68,69,68,67,63,
2024-04-02,BORNISH,WIND,Output,22,18,38,62,71,70,70,71,71,71,70,70,70,71,71,70,71,71,70,69,70,69,43,58,
2024-04-02,BOW LAKE,WIND,Available Capacity,20,20,20,20,20,20,20,20,20,20,20,20,20,20,20,20,20,20,20,20,20,20,20,20,
2024-04-02,BOW LAKE,WIND,Forecast,18,17,17,18,17,17,17,17,15,13,14,16,15,14,16,16,16,17,18,18,17,8,16,15,
2024-04-02,BOW LAKE,WIND,Output,18,18,18,15,7,18,18,18,15,13,16,17,15,16,17,17,17,18,18,19,15,10,17,16,
2024-04-02,BOW LAKE 2,WIND,Available Capacity,40,40,40,40,40,40,40,40,40,40,40,40,40,40,40,40,40,40,40,40,40,40,40,40,
2024-04-02,BOW LAKE 2,WIND,Forecast,36,33,35,35,34,35,33,33,30,25,29,32,29,31,32,34,33,35,36,35,31,9,22,23,
2024-04-02,BOW LAKE 2,WIND,Output,38,34,36,35,30,36,34,34,30,26,30,32,30,33,34,35,34,36,37,35,29,8,24,23,
2024-04-02,BRIGHTON BEACH,GAS,Capability,565,565,565,565,565,565,565,565,565,565,565,565,565,565,565,565,565,565,565,565,565,565,565,565,
2024-04-02,BRIGHTON BEACH,GAS,Output,0,0,0,0,0,0,0,0,0,0,0,0,0,0,0,0,0,0,0,0,0,0,0,0,
2024-04-02,BRUCEA-G1,NUCLEAR,Capability,0,0,0,0,0,0,0,0,0,0,0,0,0,0,0,0,0,0,0,0,0,0,0,0,
2024-04-02,BRUCEA-G1,NUCLEAR,Output,0,0,0,0,0,0,0,0,0,0,0,37,0,0,0,0,0,0,0,0,0,0,0,0,
2024-04-02,BRUCEA-G2,NUCLEAR,Capability,828,828,828,828,828,828,828,828,828,828,828,828,828,828,828,828,828,828,828,828,828,828,828,828,
2024-04-02,BRUCEA-G2,NUCLEAR,Output,819,819,819,819,818,819,819,819,818,819,819,818,818,818,821,821,821,821,821,822,823,822,822,822,
2024-04-02,BRUCEA-G3,NUCLEAR,Capability,0,0,0,0,0,0,0,0,0,0,0,0,0,0,0,0,0,0,0,0,0,0,0,0,
2024-04-02,BRUCEA-G3,NUCLEAR,Output,0,0,0,0,0,0,0,0,0,0,0,0,0,0,0,0,0,0,0,0,0,0,0,0,
2024-04-02,BRUCEA-G4,NUCLEAR,Capability,816,816,816,816,816,816,816,816,816,816,816,816,816,816,816,816,816,816,816,816,816,816,816,816,
2024-04-02,BRUCEA-G4,NUCLEAR,Output,791,795,795,797,798,799,797,797,794,793,794,795,795,794,794,794,794,794,794,794,794,797,796,793,
2024-04-02,BRUCEB-G5,NUCLEAR,Capability,817,817,817,817,817,817,817,817,817,817,817,817,817,817,817,817,817,817,817,817,817,817,817,817,
2024-04-02,BRUCEB-G5,NUCLEAR,Output,807,808,808,807,807,807,807,807,807,807,807,808,808,807,806,809,811,811,811,811,811,811,811,811,
2024-04-02,BRUCEB-G6,NUCLEAR,Capability,817,817,817,817,817,817,817,817,817,817,817,817,817,817,817,817,817,817,817,817,817,817,817,817,
2024-04-02,BRUCEB-G6,NUCLEAR,Output,825,825,825,825,825,824,824,824,824,824,824,824,824,824,824,824,823,824,825,825,826,826,826,826,
2024-04-02,BRUCEB-G7,NUCLEAR,Capability,817,817,817,817,817,817,817,817,817,817,817,817,817,817,817,817,817,817,817,817,817,817,817,817,
2024-04-02,BRUCEB-G7,NUCLEAR,Output,827,827,828,829,829,829,829,829,829,829,828,828,828,828,828,828,825,824,824,824,824,824,824,822,
2024-04-02,BRUCEB-G8,NUCLEAR,Capability,817,817,817,817,817,817,817,817,817,817,817,817,817,817,817,817,817,817,817,817,817,817,817,817,
2024-04-02,BRUCEB-G8,NUCLEAR,Output,812,812,811,812,811,811,812,811,811,812,812,812,812,812,812,813,814,818,818,818,817,817,816,817,
2024-04-02,CALSTOCKGS,BIOFUEL,Capability,0,0,0,0,0,0,0,0,0,0,0,0,0,0,0,0,0,0,0,0,0,0,0,0,
2024-04-02,CALSTOCKGS,BIOFUEL,Output,0,0,0,0,0,0,0,0,0,0,0,0,0,0,0,0,0,0,0,0,0,0,0,0,
2024-04-02,CAMERONFALLS,HYDRO,Capability,96,96,96,96,96,96,96,96,96,96,96,96,96,96,96,96,96,96,96,96,96,96,96,96,
2024-04-02,CAMERONFALLS,HYDRO,Output,52,52,52,52,52,52,52,52,52,52,52,52,52,52,52,51,50,50,50,50,50,50,50,51,
2024-04-02,CANYON,HYDRO,Capability,279,279,279,279,279,279,279,279,279,279,279,279,279,279,279,279,279,279,279,279,279,279,279,279,
2024-04-02,CANYON,HYDRO,Output,0,0,0,0,0,0,54,60,60,60,60,60,122,119,115,115,115,172,173,172,115,59,22,0,
2024-04-02,CARDINAL,GAS,Capability,184,184,184,184,184,184,184,184,184,184,184,184,184,184,184,184,184,184,184,184,184,184,184,184,
2024-04-02,CARDINAL,GAS,Output,0,0,0,0,0,0,0,0,0,0,0,0,0,0,0,0,0,0,0,0,0,0,0,0,
2024-04-02,CARIBOUFALLS,HYDRO,Capability,94,94,94,94,94,94,94,94,94,94,94,94,94,94,94,94,94,94,94,94,94,94,94,94,
2024-04-02,CARIBOUFALLS,HYDRO,Output,29,29,29,29,28,28,28,7,0,0,0,0,0,0,0,0,48,58,59,59,59,59,46,9,
2024-04-02,CARMICHAEL,HYDRO,Capability,19,19,19,19,19,19,19,19,19,19,19,19,19,19,19,19,19,19,19,19,19,19,19,19,
2024-04-02,CARMICHAEL,HYDRO,Output,8,8,8,8,8,8,8,8,8,8,8,8,8,8,8,8,8,8,8,8,8,8,8,8,
2024-04-02,CEDAR POINT 2,WIND,Available Capacity,100,100,100,100,100,100,100,100,100,100,100,100,100,100,100,100,100,100,100,100,100,100,100,100,
2024-04-02,CEDAR POINT 2,WIND,Forecast,45,32,49,79,91,93,98,97,97,96,96,97,98,98,98,98,99,99,99,98,98,99,99,99,
2024-04-02,CEDAR POINT 2,WIND,Output,42,31,53,49,6,98,99,98,97,97,97,98,99,99,99,99,99,99,99,99,99,99,99,99,
2024-04-02,CHATSFALLS,HYDRO,Capability,72,72,72,72,72,72,72,72,72,72,72,72,72,72,72,72,72,72,72,72,72,72,72,72,
2024-04-02,CHATSFALLS,HYDRO,Output,48,47,1,44,46,46,46,46,46,46,46,46,46,46,46,46,46,46,46,46,46,46,46,46,
2024-04-02,CHENAUX,HYDRO,Capability,158,158,158,158,158,158,158,138,138,138,138,138,138,138,138,158,158,158,158,158,158,158,158,158,
2024-04-02,CHENAUX,HYDRO,Output,80,65,64,64,64,111,114,114,114,114,114,114,87,59,74,74,78,106,115,119,92,77,62,62,
2024-04-02,CLERGUE,HYDRO,Capability,33,33,33,33,33,33,33,33,33,33,33,33,33,33,33,33,33,33,33,33,33,33,33,33,
2024-04-02,CLERGUE,HYDRO,Output,33,34,33,32,33,34,33,33,33,32,33,32,32,34,34,33,34,33,33,33,32,32,32,32,
2024-04-02,COMBER,WIND,Available Capacity,166,166,166,166,166,166,166,166,166,166,166,166,166,166,166,166,166,166,166,166,166,166,166,166,
2024-04-02,COMBER,WIND,Forecast,70,100,88,126,149,153,142,134,128,98,107,122,147,142,151,157,159,159,159,155,150,144,144,91,
2024-04-02,COMBER,WIND,Output,73,100,90,133,152,155,142,133,129,93,112,126,150,143,154,158,161,161,161,155,151,146,146,83,
2024-04-02,CRYSLER,WIND,Available Capacity,100,100,100,100,100,100,100,100,100,100,100,100,100,100,100,100,100,100,100,100,100,100,100,100,
2024-04-02,CRYSLER,WIND,Forecast,30,30,46,64,47,62,78,61,36,64,83,85,85,91,92,92,89,89,90,92,83,70,83,92,
2024-04-02,CRYSLER,WIND,Output,30,32,48,60,47,63,80,56,38,69,84,86,86,93,93,93,90,90,91,93,80,72,85,93,
2024-04-02,DA WATSON,HYDRO,Capability,80,80,80,80,80,80,80,80,80,80,80,80,80,80,80,80,80,80,80,80,80,80,80,80,
2024-04-02,DA WATSON,HYDRO,Output,13,13,13,12,13,13,13,13,13,13,29,60,62,62,62,61,61,61,63,63,63,63,29,18,
2024-04-02,DARLINGTON-G1,NUCLEAR,Capability,0,0,0,0,0,0,0,0,0,0,0,0,0,0,0,0,0,0,0,0,0,0,0,0,
2024-04-02,DARLINGTON-G1,NUCLEAR,Output,0,0,0,0,0,0,0,0,0,0,0,0,0,0,0,0,0,0,0,0,0,0,0,0,
2024-04-02,DARLINGTON-G2,NUCLEAR,Capability,0,0,0,0,0,0,0,0,0,0,0,0,0,0,0,0,0,0,0,0,0,0,0,0,
2024-04-02,DARLINGTON-G2,NUCLEAR,Output,0,0,0,0,0,0,0,0,0,0,0,0,0,0,0,0,0,0,0,0,0,0,0,0,
2024-04-02,DARLINGTON-G3,NUCLEAR,Capability,0,0,0,0,0,0,0,0,0,0,0,0,0,0,0,0,0,0,0,0,0,0,0,0,
2024-04-02,DARLINGTON-G3,NUCLEAR,Output,0,0,0,0,0,0,0,0,0,0,0,0,0,0,0,0,0,0,0,0,0,0,0,0,
2024-04-02,DARLINGTON-G4,NUCLEAR,Capability,0,0,0,0,0,0,0,0,0,0,0,0,0,0,0,0,0,0,0,0,0,0,0,0,
2024-04-02,DARLINGTON-G4,NUCLEAR,Output,0,0,0,0,0,0,0,0,0,0,0,0,0,0,0,0,0,0,0,0,0,0,0,0,
2024-04-02,DECEWFALLS,HYDRO,Capability,74,74,74,74,74,74,74,74,74,74,74,74,74,74,74,74,74,74,74,74,74,74,74,74,
2024-04-02,DECEWFALLS,HYDRO,Output,74,74,74,74,74,74,74,74,74,74,74,74,74,74,74,74,74,74,74,74,74,74,74,74,
2024-04-02,DECEWND1,HYDRO,Capability,12,12,12,12,12,12,12,12,12,12,12,12,12,12,12,12,12,12,12,12,12,12,12,12,
2024-04-02,DECEWND1,HYDRO,Output,10,10,10,10,10,10,10,10,10,10,10,10,10,10,10,10,10,10,10,10,10,10,10,10,
2024-04-02,DESJOACHIMS,HYDRO,Capability,375,375,375,375,375,375,375,375,375,375,375,375,375,375,375,375,375,375,375,375,375,375,375,375,
2024-04-02,DESJOACHIMS,HYDRO,Output,194,194,193,193,235,238,280,283,283,283,237,236,236,237,237,282,284,324,326,326,280,234,191,189,
2024-04-02,DESTEC,GAS,Capability,120,120,120,120,120,120,120,120,120,120,120,120,120,120,120,120,120,120,120,120,120,120,120,120,
2024-04-02,DESTEC,GAS,Output,0,0,0,0,0,0,0,0,0,0,0,0,0,0,0,0,0,0,0,0,0,0,0,0,
2024-04-02,DILLON,WIND,Available Capacity,78,78,78,78,78,78,78,78,78,78,78,78,78,78,78,78,78,78,78,78,78,78,78,78,
2024-04-02,DILLON,WIND,Forecast,69,69,73,74,75,74,75,75,74,73,72,73,74,74,74,75,75,75,75,74,74,74,74,67,
2024-04-02,DILLON,WIND,Output,70,71,76,77,77,76,77,77,76,75,75,75,76,76,76,77,76,77,77,76,76,76,77,63,
2024-04-02,DOWCHEMICAL,GAS,Capability,36,36,36,36,36,36,36,36,36,36,36,36,36,36,36,36,36,36,36,36,36,36,36,36,
2024-04-02,DOWCHEMICAL,GAS,Output,31,32,32,26,22,22,27,27,27,27,27,27,27,28,28,28,29,29,27,25,25,24,24,22,
2024-04-02,DPNTMTLND,GAS,Capability,52,52,52,52,52,52,52,52,52,52,52,52,52,52,52,52,52,52,52,52,52,52,52,52,
2024-04-02,DPNTMTLND,GAS,Output,0,0,0,0,0,0,0,0,0,0,0,0,0,0,0,0,0,0,0,0,0,0,0,0,
2024-04-02,EARFALLS,HYDRO,Capability,14,14,14,14,14,14,14,14,14,14,14,14,14,14,18,18,18,18,18,18,18,18,18,18,
2024-04-02,EARFALLS,HYDRO,Output,10,10,10,10,10,10,10,10,10,10,10,10,10,11,11,11,11,11,11,11,11,11,11,11,
2024-04-02,EAST LAKE,WIND,Available Capacity,99,99,99,99,99,99,99,99,99,99,99,99,99,99,99,99,99,99,99,99,99,99,99,99,
2024-04-02,EAST LAKE,WIND,Forecast,14,28,41,49,85,82,73,53,40,38,48,57,70,71,83,91,94,94,95,95,92,91,90,83,
2024-04-02,EAST LAKE,WIND,Output,11,33,39,57,88,82,74,48,41,36,51,60,73,73,85,94,95,96,96,96,93,93,92,83,
2024-04-02,EAST WINDSOR-G1,GAS,Capability,46,46,46,46,46,46,46,46,46,46,46,46,46,46,46,46,46,46,46,46,46,46,46,46,
2024-04-02,EAST WINDSOR-G1,GAS,Output,0,0,0,0,0,0,0,0,0,0,0,0,0,0,0,0,0,0,0,0,0,0,0,0,
2024-04-02,EAST WINDSOR-G2,GAS,Capability,46,46,46,46,46,46,46,46,46,46,46,46,46,46,46,46,46,46,46,46,46,46,46,46,
2024-04-02,EAST WINDSOR-G2,GAS,Output,0,0,0,0,0,0,0,0,0,0,0,0,0,0,0,0,0,0,0,0,0,0,0,0,
2024-04-02,ERIEAU,WIND,Available Capacity,99,99,99,99,99,99,99,99,99,99,99,99,99,99,99,99,99,99,99,99,99,99,99,99,
2024-04-02,ERIEAU,WIND,Forecast,92,89,95,95,96,96,96,92,91,91,90,91,93,95,95,96,96,96,96,96,95,92,90,77,
2024-04-02,ERIEAU,WIND,Output,93,90,96,96,96,97,96,93,91,92,90,91,94,96,96,96,96,96,96,96,96,92,91,73,
2024-04-02,FORTFRANCSWC,HYDRO,Capability,10,10,10,10,10,10,10,10,10,10,10,10,10,10,10,10,10,10,10,10,10,10,10,10,
2024-04-02,FORTFRANCSWC,HYDRO,Output,4,4,4,4,4,4,4,4,4,4,4,4,4,4,4,4,4,4,4,4,4,4,4,4,
2024-04-02,GARTSHORE,HYDRO,Capability,89,89,89,89,89,89,71,71,71,71,71,71,71,71,71,71,71,71,71,71,71,71,71,71,
2024-04-02,GARTSHORE,HYDRO,Output,0,0,0,0,0,0,0,0,0,0,0,0,0,0,0,0,0,0,0,0,0,0,0,0,
2024-04-02,GOSFIELDWGS,WIND,Available Capacity,51,51,51,51,51,51,51,51,51,51,51,51,51,51,51,51,51,51,51,51,51,51,51,51,
2024-04-02,GOSFIELDWGS,WIND,Forecast,30,35,27,43,46,48,45,45,45,32,30,33,44,46,46,48,49,49,48,47,41,40,40,32,
2024-04-02,GOSFIELDWGS,WIND,Output,31,34,28,46,48,50,46,45,46,29,31,34,46,47,48,49,50,50,49,48,41,41,40,31,
2024-04-02,GOSHEN,WIND,Available Capacity,102,102,102,102,102,102,102,102,102,102,102,102,102,102,102,102,102,102,102,102,102,102,102,102,
2024-04-02,GOSHEN,WIND,Forecast,40,50,79,95,99,100,100,99,100,100,99,100,100,100,99,98,98,98,97,99,98,96,99,95,
2024-04-02,GOSHEN,WIND,Output,39,55,81,98,100,100,100,100,100,100,99,100,100,100,99,98,98,98,98,99,97,97,82,93,
2024-04-02,GOULAIS,WIND,Available Capacity,25,25,25,25,25,25,25,25,25,25,25,25,25,25,25,25,25,25,25,25,25,25,25,25,
2024-04-02,GOULAIS,WIND,Forecast,2,18,18,19,15,15,17,17,15,16,18,20,16,17,16,17,20,17,22,24,24,24,23,21,
2024-04-02,GOULAIS,WIND,Output,3,21,19,20,16,16,18,18,15,17,20,21,17,17,17,18,20,18,23,24,25,25,23,22,
2024-04-02,GRAND VALLEY 3,WIND,Available Capacity,40,40,40,40,40,40,40,40,40,40,40,40,40,40,40,40,40,40,40,40,40,40,40,40,
2024-04-02,GRAND VALLEY 3,WIND,Forecast,29,29,30,35,37,38,38,37,38,37,37,37,38,39,39,39,39,39,39,39,39,39,39,37,
2024-04-02,GRAND VALLEY 3,WIND,Output,31,30,31,36,38,39,39,38,38,38,38,38,39,39,39,39,39,39,39,39,39,39,39,37,
2024-04-02,GRANDSF,SOLAR,Available Capacity,100,100,100,100,100,100,100,100,100,100,100,100,100,100,100,100,100,100,100,100,100,100,100,100,
2024-04-02,GRANDSF,SOLAR,Forecast,0,0,0,0,0,0,0,3,9,9,14,14,18,19,19,8,3,2,0,0,0,0,0,0,
2024-04-02,GRANDSF,SOLAR,Output,0,0,0,0,0,0,0,3,8,10,12,16,16,22,17,7,3,3,0,0,0,0,0,0,
2024-04-02,GRANDWF,WIND,Available Capacity,149,149,149,149,149,149,149,149,149,149,149,149,149,149,149,149,149,149,149,149,149,149,149,149,
2024-04-02,GRANDWF,WIND,Forecast,56,72,63,87,102,107,124,120,112,117,124,128,131,126,122,132,122,124,116,112,112,123,127,128,
2024-04-02,GRANDWF,WIND,Output,55,72,62,92,103,108,122,120,113,118,126,129,131,126,125,133,120,127,114,110,111,125,67,106,
2024-04-02,GREENFIELD ENERGY CENTRE-G1,GAS,Capability,180,180,180,180,180,180,180,180,180,180,180,180,180,180,180,180,180,180,180,180,180,180,180,180,
2024-04-02,GREENFIELD ENERGY CENTRE-G1,GAS,Output,134,132,136,132,133,133,133,145,175,170,177,165,133,133,133,146,172,168,163,149,132,130,130,130,
2024-04-02,GREENFIELD ENERGY CENTRE-G2,GAS,Capability,180,180,180,180,180,180,180,180,180,180,180,180,180,180,180,180,180,180,180,180,180,180,180,180,
2024-04-02,GREENFIELD ENERGY CENTRE-G2,GAS,Output,134,132,136,133,133,133,133,146,178,172,180,167,134,133,133,147,176,171,166,151,132,130,130,130,
2024-04-02,GREENFIELD ENERGY CENTRE-G3,GAS,Capability,180,180,180,180,180,180,180,180,180,180,180,180,180,180,180,180,180,180,180,180,180,180,180,180,
2024-04-02,GREENFIELD ENERGY CENTRE-G3,GAS,Output,134,132,136,132,133,133,133,145,176,171,178,166,133,133,133,146,172,168,163,150,132,130,130,130,
2024-04-02,GREENFIELD ENERGY CENTRE-G4,GAS,Capability,492,492,492,492,492,492,492,492,492,492,492,492,492,492,492,492,492,492,492,492,492,492,492,492,
2024-04-02,GREENFIELD ENERGY CENTRE-G4,GAS,Output,222,221,225,221,222,224,235,251,354,407,440,298,242,238,238,256,437,439,307,302,238,235,235,234,
2024-04-02,GREENFIELD SOUTH-G1,GAS,Capability,192,192,192,192,192,192,192,192,192,192,192,192,192,192,192,192,192,192,192,192,192,192,192,192,
2024-04-02,GREENFIELD SOUTH-G1,GAS,Output,0,0,0,0,0,0,0,0,0,0,0,0,0,0,0,0,0,0,0,0,0,0,0,0,
2024-04-02,GREENFIELD SOUTH-G2,GAS,Capability,133,133,133,133,133,133,133,133,133,133,133,133,133,133,133,133,133,133,133,133,133,133,133,133,
2024-04-02,GREENFIELD SOUTH-G2,GAS,Output,0,0,0,0,0,0,0,0,0,0,0,0,0,0,0,0,0,0,0,0,0,0,0,0,
2024-04-02,GREENWICH,WIND,Available Capacity,99,99,99,99,99,99,99,99,99,99,99,99,99,99,99,99,99,99,99,99,99,99,99,99,
2024-04-02,GREENWICH,WIND,Forecast,1,4,3,4,4,7,7,7,11,5,5,3,3,4,9,9,7,37,47,56,69,77,82,78,
2024-04-02,GREENWICH,WIND,Output,1,5,3,4,3,8,7,8,12,4,6,2,3,5,10,8,8,45,48,59,72,78,82,79,
2024-04-02,GTAA-G1,GAS,Capability,47,47,47,47,47,47,47,47,47,47,47,47,47,47,47,47,47,47,47,47,47,47,47,47,
2024-04-02,GTAA-G1,GAS,Output,0,0,0,0,0,0,0,0,0,0,0,0,0,0,0,0,0,0,0,0,0,0,0,0,
2024-04-02,GTAA-G2,GAS,Capability,47,47,47,47,47,47,47,47,47,47,47,47,47,47,47,47,47,47,47,47,47,47,47,47,
2024-04-02,GTAA-G2,GAS,Output,0,0,0,0,0,0,0,0,0,0,0,0,0,0,0,0,0,0,0,0,0,0,0,0,
2024-04-02,GTAA-G3,GAS,Capability,0,0,0,0,0,0,0,0,0,0,0,0,0,0,0,0,0,0,0,0,0,0,0,0,
2024-04-02,GTAA-G3,GAS,Output,0,0,0,0,0,0,0,0,0,0,0,0,0,0,0,0,0,0,0,0,0,0,0,0,
2024-04-02,HALTONHILLS-LT.G1,GAS,Capability,0,0,0,0,0,0,0,0,0,0,0,0,0,0,0,0,0,0,0,0,0,0,0,0,
2024-04-02,HALTONHILLS-LT.G1,GAS,Output,0,0,0,0,0,0,0,0,0,0,0,0,0,0,0,0,0,0,0,0,0,0,0,0,
2024-04-02,HALTONHILLS-LT.G2,GAS,Capability,0,0,0,0,0,0,0,0,0,0,0,0,0,0,0,0,0,0,0,0,0,0,0,0,
2024-04-02,HALTONHILLS-LT.G2,GAS,Output,0,0,0,0,0,0,0,0,0,0,0,0,0,0,0,0,0,0,0,0,0,0,0,0,
2024-04-02,HALTONHILLS-LT.G3,GAS,Capability,0,0,0,0,0,0,0,0,0,0,0,0,0,0,0,0,0,0,0,0,0,0,0,0,
2024-04-02,HALTONHILLS-LT.G3,GAS,Output,0,0,0,0,0,0,0,0,0,0,0,0,0,0,0,0,0,0,0,0,0,0,0,0,
2024-04-02,HARMON,HYDRO,Capability,78,78,78,78,78,78,78,78,78,78,78,78,78,78,78,78,78,78,78,78,78,78,78,78,
2024-04-02,HARMON,HYDRO,Output,0,0,0,0,0,0,72,73,73,73,73,74,74,74,74,74,74,74,75,74,74,75,75,74,
2024-04-02,HARMON 2,HYDRO,Capability,0,0,0,0,0,0,0,0,0,0,0,0,0,0,0,0,0,0,0,0,0,0,0,0,
2024-04-02,HARMON 2,HYDRO,Output,0,0,0,0,0,0,0,0,0,0,0,0,0,0,0,0,0,0,0,0,0,0,0,0,
2024-04-02,HARRIS,HYDRO,Capability,12,12,12,12,12,12,12,12,12,12,12,12,12,12,12,12,12,12,12,12,12,12,12,12,
2024-04-02,HARRIS,HYDRO,Output,3,3,3,4,4,4,4,4,4,4,4,5,11,11,11,11,11,11,10,9,9,8,5,3,
2024-04-02,HENVEY NORTH,WIND,Available Capacity,117,117,117,117,117,117,117,117,117,117,117,117,117,117,117,117,117,117,117,117,117,117,117,117,
2024-04-02,HENVEY NORTH,WIND,Forecast,105,103,100,82,81,82,71,72,64,78,87,95,102,107,111,112,111,99,106,111,115,115,115,115,
2024-04-02,HENVEY NORTH,WIND,Output,109,105,102,80,82,83,70,71,65,80,91,96,105,109,113,113,111,96,108,112,115,115,115,115,
2024-04-02,HENVEY SOUTH,WIND,Available Capacity,183,183,183,183,183,183,183,183,183,183,183,183,183,183,183,183,183,183,183,183,183,183,183,183,
2024-04-02,HENVEY SOUTH,WIND,Forecast,158,155,150,137,132,130,111,115,105,127,144,142,145,155,157,159,157,152,153,170,174,174,175,175,
2024-04-02,HENVEY SOUTH,WIND,Output,164,157,154,112,78,131,109,115,109,133,149,143,151,158,159,162,156,153,155,173,175,174,175,174,
2024-04-02,HOLDEN,HYDRO,Capability,166,166,166,166,166,166,166,166,166,166,166,166,166,166,166,166,166,166,166,166,166,166,166,166,
2024-04-02,HOLDEN,HYDRO,Output,126,128,127,127,128,128,128,128,138,139,139,138,138,138,138,138,139,138,139,138,138,139,139,139,
2024-04-02,HOLINGSWTH,HYDRO,Capability,23,23,23,23,23,23,23,23,23,23,23,23,23,23,23,23,23,23,23,23,23,23,23,23,
2024-04-02,HOLINGSWTH,HYDRO,Output,0,0,0,0,0,0,0,18,18,18,18,18,18,18,18,18,18,18,18,18,18,18,0,0,
2024-04-02,JERICHO,WIND,Available Capacity,149,149,149,149,149,149,149,149,149,149,149,149,149,149,149,149,149,149,149,149,149,149,149,149,
2024-04-02,JERICHO,WIND,Forecast,44,34,51,102,133,137,138,140,141,141,139,139,140,141,140,140,142,142,142,141,140,139,139,139,
2024-04-02,JERICHO,WIND,Output,40,31,58,110,136,138,139,141,142,141,140,139,141,142,141,141,142,143,143,141,141,140,140,140,
2024-04-02,K2WIND,WIND,Available Capacity,270,270,270,270,270,270,270,270,270,270,270,270,270,270,270,270,270,270,270,270,270,270,270,270,
2024-04-02,K2WIND,WIND,Forecast,43,44,81,144,242,259,258,261,263,264,260,261,263,264,264,262,262,260,260,258,246,236,237,241,
2024-04-02,K2WIND,WIND,Output,42,44,81,163,247,260,259,262,264,264,260,262,263,264,264,262,262,261,261,258,246,238,241,243,
2024-04-02,KAKABEKA,HYDRO,Capability,25,25,25,25,25,25,25,25,25,25,25,25,25,25,25,25,25,25,25,25,25,25,25,25,
2024-04-02,KAKABEKA,HYDRO,Output,13,13,13,13,13,12,11,11,11,11,11,10,9,9,9,9,9,9,9,9,8,8,9,10,
2024-04-02,KAPGS,GAS,Capability,60,60,60,60,60,60,60,60,60,60,60,60,60,60,60,60,60,60,60,60,60,60,60,60,
2024-04-02,KAPGS,GAS,Output,0,0,0,0,0,0,0,0,0,0,0,0,0,0,0,0,0,0,0,0,0,0,0,0,
2024-04-02,KINGSBRIDGE,WIND,Available Capacity,40,40,40,40,40,40,40,40,40,40,40,40,40,40,40,40,40,40,40,40,40,40,40,40,
2024-04-02,KINGSBRIDGE,WIND,Forecast,3,3,7,13,26,31,30,34,34,34,33,32,33,35,34,34,34,35,35,35,34,32,32,32,
2024-04-02,KINGSBRIDGE,WIND,Output,4,3,7,16,28,32,31,35,35,35,33,32,34,35,34,33,34,35,34,35,34,32,32,33,
2024-04-02,KINGSTONSF,SOLAR,Available Capacity,100,100,100,100,100,100,100,100,100,100,100,100,100,100,100,100,100,100,100,100,100,100,100,100,
2024-04-02,KINGSTONSF,SOLAR,Forecast,0,0,0,0,0,0,6,19,37,60,88,92,66,50,55,31,6,2,0,0,0,0,0,0,
2024-04-02,KINGSTONSF,SOLAR,Output,0,0,0,0,0,0,7,18,38,68,92,92,61,47,62,20,5,3,0,0,0,0,0,0,
2024-04-02,KIPLING,HYDRO,Capability,0,0,0,0,0,0,0,0,0,0,0,0,0,0,0,0,0,0,0,0,0,0,0,0,
2024-04-02,KIPLING,HYDRO,Output,0,0,0,0,0,0,0,0,0,0,0,0,0,0,0,0,0,0,0,0,0,0,0,0,
2024-04-02,KIPLING 2,HYDRO,Capability,79,79,79,79,79,79,79,79,79,79,79,79,79,79,79,79,79,79,79,79,79,79,79,79,
2024-04-02,KIPLING 2,HYDRO,Output,0,0,0,0,0,0,70,72,72,73,72,72,73,72,73,72,72,69,68,67,67,69,68,68,
2024-04-02,LAKESUPERIOR,GAS,Capability,49,49,49,49,49,49,49,49,49,49,49,49,49,49,49,49,49,49,49,49,49,49,49,49,
2024-04-02,LAKESUPERIOR,GAS,Output,0,0,0,0,0,0,0,0,0,0,0,0,0,0,0,0,0,0,0,0,0,0,0,0,
2024-04-02,LANDON,WIND,Available Capacity,40,40,40,40,40,40,40,40,40,40,40,40,40,40,40,40,40,40,40,40,40,40,40,40,
2024-04-02,LANDON,WIND,Forecast,24,24,27,36,39,39,39,39,39,39,39,39,39,39,39,39,39,39,39,39,39,39,39,39,
2024-04-02,LANDON,WIND,Output,25,24,29,37,40,40,40,40,40,40,40,40,40,40,40,40,40,40,40,40,40,40,40,40,
2024-04-02,LENNOX-G1,GAS,Capability,525,525,525,525,525,525,525,525,525,525,525,525,525,525,525,525,525,525,525,525,525,525,525,525,
2024-04-02,LENNOX-G1,GAS,Output,0,0,0,0,0,0,0,0,0,0,0,0,0,0,0,0,0,0,0,0,0,0,0,0,
2024-04-02,LENNOX-G2,GAS,Capability,525,525,525,525,525,525,525,525,525,525,525,525,525,525,525,525,525,525,525,525,525,525,525,525,
2024-04-02,LENNOX-G2,GAS,Output,0,0,0,0,0,0,0,0,0,0,0,0,0,0,0,0,0,0,0,0,0,0,0,0,
2024-04-02,LENNOX-G3,GAS,Capability,525,525,525,525,525,525,525,525,525,525,525,525,525,525,525,525,525,525,525,525,525,525,525,525,
2024-04-02,LENNOX-G3,GAS,Output,0,0,0,0,0,0,0,0,0,0,0,0,0,0,0,0,0,0,0,0,0,0,0,0,
2024-04-02,LENNOX-G4,GAS,Capability,0,0,0,0,0,0,0,0,0,0,0,0,0,0,0,0,0,0,0,0,0,0,0,0,
2024-04-02,LENNOX-G4,GAS,Output,0,0,0,0,0,0,0,0,0,0,0,0,0,0,0,0,0,0,0,0,0,0,0,0,
2024-04-02,LITTLELONG,HYDRO,Capability,72,72,72,72,72,72,72,72,72,72,72,72,72,72,72,72,72,72,72,72,72,72,72,72,
2024-04-02,LITTLELONG,HYDRO,Output,0,0,0,0,0,0,60,61,61,61,61,61,61,61,61,61,61,61,61,61,61,61,61,61,
2024-04-02,LITTLELONG 2,HYDRO,Capability,0,0,0,0,0,0,0,0,0,0,0,0,0,0,0,0,0,0,0,0,0,0,0,0,
2024-04-02,LITTLELONG 2,HYDRO,Output,0,0,0,0,0,0,0,0,0,0,0,0,0,0,0,0,0,0,0,0,0,0,0,0,
2024-04-02,LONGSAULTE,HYDRO,Capability,20,20,20,20,20,20,20,20,20,20,20,20,20,20,20,20,20,20,20,20,20,20,20,20,
2024-04-02,LONGSAULTE,HYDRO,Output,5,5,5,5,5,5,6,6,6,7,8,8,7,8,7,7,8,8,7,7,7,7,6,6,
2024-04-02,LOWER WHITE RIVER,HYDRO,Capability,1,1,1,1,1,1,1,1,1,1,1,1,1,1,1,1,1,1,1,1,1,1,1,1,
2024-04-02,LOWER WHITE RIVER,HYDRO,Output,5,5,5,5,1,1,1,1,1,1,2,4,4,4,4,4,4,4,4,4,2,3,4,4,
2024-04-02,LOWERNOTCH,HYDRO,Capability,274,274,274,274,274,274,274,274,274,274,0,0,0,0,0,0,0,0,0,0,0,0,0,0,
2024-04-02,LOWERNOTCH,HYDRO,Output,0,0,0,0,0,42,112,111,111,111,2,0,0,0,0,0,0,0,0,0,0,0,0,0,
2024-04-02,MACKAYGS,HYDRO,Capability,62,62,62,62,62,62,62,62,62,62,62,62,62,62,62,62,62,62,62,62,62,62,62,62,
2024-04-02,MACKAYGS,HYDRO,Output,0,0,0,0,0,0,0,0,0,0,0,0,0,0,0,0,0,0,0,0,0,0,0,0,
2024-04-02,MANITOUFALLS,HYDRO,Capability,74,74,74,74,74,74,74,74,74,74,74,74,74,74,74,74,74,74,74,74,74,74,74,74,
2024-04-02,MANITOUFALLS,HYDRO,Output,24,24,24,21,15,28,26,26,21,22,22,22,22,22,22,22,22,22,22,22,22,23,18,19,
2024-04-02,MCLEANSMTNWF-LT.AG_T1,WIND,Available Capacity,60,60,60,60,60,60,60,60,60,60,60,60,60,60,60,60,60,60,60,60,60,60,60,60,
2024-04-02,MCLEANSMTNWF-LT.AG_T1,WIND,Forecast,27,35,34,33,33,29,31,27,36,43,48,46,43,44,43,48,49,45,50,48,38,36,48,49,
2024-04-02,MCLEANSMTNWF-LT.AG_T1,WIND,Output,29,36,34,34,32,30,32,28,38,45,49,46,44,44,45,50,49,45,51,48,37,38,49,51,
2024-04-02,MISSION,HYDRO,Capability,15,15,15,15,15,15,15,15,15,15,15,15,15,15,15,15,15,15,15,15,15,15,15,15,
2024-04-02,MISSION,HYDRO,Output,4,4,4,4,4,5,5,5,5,5,5,6,12,12,12,12,13,13,13,12,11,11,8,4,
2024-04-02,MTNCHUTE,HYDRO,Capability,173,173,173,173,173,173,173,173,173,173,173,173,173,173,173,173,173,173,173,173,173,173,173,173,
2024-04-02,MTNCHUTE,HYDRO,Output,0,0,0,0,0,0,0,0,68,13,0,0,0,0,0,0,0,0,69,73,2,0,0,0,
2024-04-02,NAGAGAMI,HYDRO,Capability,9,9,9,9,9,9,9,9,9,9,9,9,9,9,9,9,9,9,9,9,9,9,9,9,
2024-04-02,NAGAGAMI,HYDRO,Output,5,5,5,5,5,4,4,2,2,2,2,4,2,2,2,2,4,4,2,2,2,2,4,2,
2024-04-02,NANTICOKE SOLAR,SOLAR,Available Capacity,44,44,44,44,44,44,44,44,44,44,44,44,44,44,44,44,44,44,44,44,44,44,44,44,
2024-04-02,NANTICOKE SOLAR,SOLAR,Forecast,0,0,0,0,0,0,0,1,3,4,5,7,9,9,7,4,1,1,0,0,0,0,0,0,
2024-04-02,NANTICOKE SOLAR,SOLAR,Output,0,0,0,0,0,0,0,2,3,5,6,9,9,11,7,3,1,2,0,0,0,0,0,0,
2024-04-02,NAPANEE-G1,GAS,Capability,260,260,260,260,260,260,260,260,260,260,260,260,260,260,260,260,260,260,260,260,260,260,260,260,
2024-04-02,NAPANEE-G1,GAS,Output,58,0,62,140,200,218,260,263,262,260,258,256,254,248,240,251,252,253,254,256,256,209,201,201,
2024-04-02,NAPANEE-G2,GAS,Capability,260,260,260,260,260,260,260,260,260,260,260,260,260,260,260,260,260,260,260,260,260,260,260,260,
2024-04-02,NAPANEE-G2,GAS,Output,58,0,62,140,200,218,258,261,260,258,256,254,252,247,238,249,250,251,252,254,254,209,200,200,
2024-04-02,NAPANEE-G3,GAS,Capability,458,458,458,458,458,458,458,458,458,458,458,458,458,458,458,458,458,458,458,458,458,458,458,458,
2024-04-02,NAPANEE-G3,GAS,Output,84,0,0,107,222,236,340,431,431,430,393,428,420,316,269,414,428,427,428,429,406,234,225,225,
2024-04-02,NIPIGONGS,GAS,Capability,23,23,23,23,23,23,23,23,23,23,23,23,23,23,23,23,23,23,23,23,23,23,23,23,
2024-04-02,NIPIGONGS,GAS,Output, , , , , , , , , , , , , , , , , , , , , , , , ,
2024-04-02,NORTH KENT,WIND,Available Capacity,99,99,99,99,99,99,99,99,99,99,99,99,99,99,99,99,99,99,99,99,99,99,99,99,
2024-04-02,NORTH KENT,WIND,Forecast,18,43,47,61,79,87,85,70,54,45,55,61,79,83,89,93,94,94,94,94,94,92,91,85,
2024-04-02,NORTH KENT,WIND,Output,16,47,45,46,29,87,86,67,55,43,57,61,82,84,90,95,95,95,95,95,95,94,93,84,
2024-04-02,NORTHBAYGS,GAS,Capability,60,60,60,60,60,60,60,60,60,60,60,60,60,60,60,60,60,60,60,60,60,60,60,60,
2024-04-02,NORTHBAYGS,GAS,Output,0,0,0,0,0,0,0,0,0,0,0,0,0,0,0,0,0,0,0,0,0,0,0,0,
2024-04-02,NORTHLAND POWER SOLAR FACILITIES,SOLAR,Available Capacity,40,40,40,40,40,40,40,40,40,40,40,40,40,40,40,40,40,40,40,40,40,40,40,40,
2024-04-02,NORTHLAND POWER SOLAR FACILITIES,SOLAR,Forecast,0,0,0,0,0,0,1,14,30,38,38,38,38,38,37,37,28,11,1,0,0,0,0,0,
2024-04-02,NORTHLAND POWER SOLAR FACILITIES,SOLAR,Output,0,0,0,0,0,0,2,15,32,39,39,39,39,39,39,38,29,12,1,0,0,0,0,0,
2024-04-02,NPCOCHRANE,GAS,Capability,0,0,0,0,0,0,0,0,0,0,0,0,0,0,0,0,0,0,0,0,0,0,0,0,
2024-04-02,NPCOCHRANE,GAS,Output,0,0,0,0,0,0,0,0,0,0,0,0,0,0,0,0,0,0,0,0,0,0,0,0,
2024-04-02,NPIROQFALLS,GAS,Capability,0,0,0,0,0,0,0,0,0,0,0,0,0,0,0,0,0,0,0,0,0,0,0,0,
2024-04-02,NPIROQFALLS,GAS,Output,0,0,0,0,0,0,0,0,0,0,0,0,0,0,0,0,0,0,0,0,0,0,0,0,
2024-04-02,NPKIRKLAND-G1-G5,GAS,Capability,86,86,86,86,86,86,86,86,86,86,86,86,86,86,86,86,86,86,86,86,86,86,86,86,
2024-04-02,NPKIRKLAND-G1-G5,GAS,Output,0,0,0,0,0,0,0,0,0,0,0,0,0,0,0,0,0,0,0,0,0,0,0,0,
2024-04-02,NPKIRKLAND-G6,GAS,Capability,33,33,33,33,33,33,33,33,33,33,33,33,33,33,33,33,33,33,33,33,33,33,33,33,
2024-04-02,NPKIRKLAND-G6,GAS,Output,0,0,0,0,0,0,0,0,0,0,0,0,0,0,0,0,0,0,0,0,0,0,0,0,
2024-04-02,OTTERRAPIDS,HYDRO,Capability,182,182,182,182,182,182,182,182,182,182,182,182,182,182,182,182,182,182,182,182,182,182,182,182,
2024-04-02,OTTERRAPIDS,HYDRO,Output,0,0,0,0,0,0,35,37,37,37,37,37,37,37,37,38,38,38,73,79,39,3,0,0,
2024-04-02,PAROCHES,WIND,Available Capacity,49,49,49,49,49,49,49,49,49,49,49,49,49,49,49,49,49,49,49,49,49,49,49,49,
2024-04-02,PAROCHES,WIND,Forecast,14,18,27,33,46,46,45,40,42,32,34,38,43,42,42,44,45,45,45,45,43,44,42,29,
2024-04-02,PAROCHES,WIND,Output,13,20,27,36,47,47,46,40,43,30,36,39,44,42,43,45,45,45,46,45,44,45,42,26,
2024-04-02,PETER SUTHERLAND SR,HYDRO,Capability,27,27,27,27,27,27,27,27,27,27,27,27,27,27,27,27,27,27,27,27,27,27,27,27,
2024-04-02,PETER SUTHERLAND SR,HYDRO,Output,0,0,0,0,0,0,0,0,6,6,6,6,6,6,6,6,6,6,6,6,6,6,6,5,
2024-04-02,PICKERINGA-G1,NUCLEAR,Capability,515,515,515,515,515,515,515,515,515,515,515,515,515,515,515,515,515,515,515,515,515,515,515,515,
2024-04-02,PICKERINGA-G1,NUCLEAR,Output,521,521,521,520,520,519,518,520,520,519,520,519,516,517,516,516,516,517,517,517,518,517,518,519,
2024-04-02,PICKERINGA-G4,NUCLEAR,Capability,410,410,410,410,410,410,410,410,410,410,410,410,400,400,400,400,400,400,400,395,395,395,395,395,
2024-04-02,PICKERINGA-G4,NUCLEAR,Output,411,409,409,408,407,406,405,404,404,403,402,402,399,397,396,396,396,394,394,394,393,392,392,392,
2024-04-02,PICKERINGB-G5,NUCLEAR,Capability,525,525,525,525,525,525,525,525,525,525,525,525,525,525,525,525,525,525,525,525,525,525,525,525,
2024-04-02,PICKERINGB-G5,NUCLEAR,Output,532,532,532,531,529,529,529,529,529,527,527,526,525,525,526,524,526,526,526,526,524,525,526,527,
2024-04-02,PICKERINGB-G6,NUCLEAR,Capability,515,515,515,515,515,515,515,515,515,515,515,515,515,515,515,515,515,515,515,515,515,515,515,515,
2024-04-02,PICKERINGB-G6,NUCLEAR,Output,517,517,515,517,516,515,515,516,516,514,515,519,513,513,513,514,512,514,514,514,511,513,514,512,
2024-04-02,PICKERINGB-G7,NUCLEAR,Capability,0,0,0,0,0,0,0,0,0,0,0,0,0,0,0,0,0,0,0,0,0,0,0,0,
2024-04-02,PICKERINGB-G7,NUCLEAR,Output,0,0,0,0,0,0,0,0,0,0,0,0,0,0,0,0,0,0,0,0,0,0,0,0,
2024-04-02,PICKERINGB-G8,NUCLEAR,Capability,518,518,518,518,518,518,518,518,518,518,518,518,518,518,518,518,518,518,518,518,518,518,518,518,
2024-04-02,PICKERINGB-G8,NUCLEAR,Output,522,522,522,522,521,521,520,521,519,520,518,518,517,518,519,517,519,519,519,519,517,518,518,518,
2024-04-02,PINEPORTAGE,HYDRO,Capability,146,146,146,146,146,146,146,146,146,146,146,146,146,146,146,146,146,146,146,146,146,146,146,146,
2024-04-02,PINEPORTAGE,HYDRO,Output,57,57,56,57,57,57,57,57,57,57,57,57,57,57,57,57,57,57,57,56,56,57,52,47,
2024-04-02,PORT BURWELL,WIND,Available Capacity,99,99,99,99,99,99,99,99,99,99,99,99,99,99,99,99,99,99,99,99,99,99,99,99,
2024-04-02,PORT BURWELL,WIND,Forecast,46,58,65,81,88,89,93,87,81,89,87,93,93,94,89,79,74,86,93,90,90,94,90,87,
2024-04-02,PORT BURWELL,WIND,Output,46,60,67,84,88,91,93,86,82,89,88,96,94,94,90,79,77,88,92,92,92,95,90,85,
2024-04-02,PORTALMA-T1,WIND,Available Capacity,101,101,101,101,101,101,101,101,101,101,101,101,101,101,101,101,101,101,101,101,101,101,101,101,
2024-04-02,PORTALMA-T1,WIND,Forecast,91,87,96,97,98,98,98,98,98,97,94,96,97,98,98,98,98,98,98,98,98,98,97,74,
2024-04-02,PORTALMA-T1,WIND,Output,91,88,97,98,99,99,99,99,99,97,95,97,98,99,99,99,99,99,99,99,99,99,99,64,
2024-04-02,PORTALMA-T3,WIND,Available Capacity,101,101,101,101,101,101,101,101,101,101,101,101,101,101,101,101,101,101,101,101,101,101,101,101,
2024-04-02,PORTALMA-T3,WIND,Forecast,90,94,95,96,97,97,97,97,96,96,94,96,97,96,97,97,97,97,97,97,97,96,94,65,
2024-04-02,PORTALMA-T3,WIND,Output,90,95,96,97,98,98,98,98,97,96,96,97,98,97,98,98,98,98,98,98,98,97,95,57,
2024-04-02,PORTLANDS-G1,GAS,Capability,194,194,194,194,194,194,194,194,194,194,194,194,194,194,194,194,194,194,194,194,194,194,194,194,
2024-04-02,PORTLANDS-G1,GAS,Output,156,155,138,119,119,123,162,173,173,173,172,172,158,119,121,155,170,170,171,170,139,119,117,12,
2024-04-02,PORTLANDS-G2,GAS,Capability,194,194,194,194,194,194,194,194,194,194,194,194,194,194,194,194,194,194,194,194,194,194,194,194,
2024-04-02,PORTLANDS-G2,GAS,Output,163,164,147,124,124,129,166,177,177,177,177,176,163,126,126,160,175,175,175,175,159,125,122,15,
2024-04-02,PORTLANDS-G3,GAS,Capability,225,225,225,225,225,225,225,225,225,225,225,225,225,225,225,225,225,225,225,225,225,225,225,225,
2024-04-02,PORTLANDS-G3,GAS,Output,180,185,167,150,150,152,188,218,221,209,221,221,204,150,152,183,220,221,221,220,176,150,148,27,
2024-04-02,PRINCEFARM,WIND,Available Capacity,189,189,189,189,189,189,189,189,189,189,189,189,189,189,189,189,189,189,189,189,189,189,189,189,
2024-04-02,PRINCEFARM,WIND,Forecast,15,53,72,88,79,109,105,99,79,88,95,107,85,86,77,79,98,104,113,156,164,131,119,80,
2024-04-02,PRINCEFARM,WIND,Output,17,67,65,92,82,112,106,99,75,94,97,104,85,85,81,78,100,105,119,159,162,131,110,77,
2024-04-02,RAILBEDWF-LT.AG_SR,WIND,Available Capacity,270,270,270,270,270,270,270,270,270,270,270,270,270,270,270,270,270,270,270,270,270,270,270,270,
2024-04-02,RAILBEDWF-LT.AG_SR,WIND,Forecast,245,234,256,261,261,261,263,263,262,263,262,263,263,263,263,263,263,263,263,263,262,262,261,259,
2024-04-02,RAILBEDWF-LT.AG_SR,WIND,Output,244,237,257,261,261,262,263,263,263,263,263,263,263,263,263,263,263,263,263,263,263,263,263,263,
2024-04-02,RAYNER,HYDRO,Capability,42,42,42,42,42,42,42,42,42,42,42,42,42,42,42,42,42,42,42,42,42,42,42,42,
2024-04-02,RAYNER,HYDRO,Output,0,0,0,0,0,0,22,24,25,27,22,23,23,25,23,32,31,24,24,23,30,24,24,39,
2024-04-02,REDROCK,HYDRO,Capability,48,48,48,48,48,48,48,48,48,48,48,48,48,48,48,48,48,48,48,48,48,48,48,48,
2024-04-02,REDROCK,HYDRO,Output,25,25,25,25,25,25,25,25,25,25,24,25,25,25,44,43,44,44,44,44,44,44,44,44,
2024-04-02,RIPLEY SOUTH,WIND,Available Capacity,76,76,76,76,76,76,76,76,76,76,76,76,76,76,76,76,76,76,76,76,76,76,76,76,
2024-04-02,RIPLEY SOUTH,WIND,Forecast,7,3,7,25,53,58,64,69,69,65,66,65,69,74,74,73,74,73,73,73,72,71,73,73,
2024-04-02,RIPLEY SOUTH,WIND,Output,7,3,8,30,50,59,67,70,70,66,67,66,71,75,75,73,74,74,74,74,73,72,74,74,
2024-04-02,ROMNEY,WIND,Available Capacity,56,56,56,56,56,56,56,56,56,56,56,56,56,56,56,56,56,56,56,56,56,56,56,56,
2024-04-02,ROMNEY,WIND,Forecast,50,49,50,50,50,50,50,49,50,50,49,50,50,50,50,50,50,50,49,50,50,49,49,38,
2024-04-02,ROMNEY,WIND,Output,53,53,53,54,54,54,54,53,54,53,53,54,54,54,54,54,54,53,54,54,54,53,54,38,
2024-04-02,SANDUSK-LT.AG_T1,WIND,Available Capacity,104,104,104,104,104,104,104,104,104,104,104,104,104,104,104,104,104,104,104,104,104,104,104,104,
2024-04-02,SANDUSK-LT.AG_T1,WIND,Forecast,71,61,57,65,79,90,94,94,88,92,91,98,98,96,90,97,91,95,82,84,88,95,97,97,
2024-04-02,SANDUSK-LT.AG_T1,WIND,Output,76,58,59,67,83,90,96,95,89,93,92,99,98,97,91,97,92,94,83,86,88,97,98,99,
2024-04-02,SAUNDERS,HYDRO,Capability,924,924,924,924,924,924,924,924,924,924,924,924,924,924,924,924,924,924,924,924,924,924,924,924,
2024-04-02,SAUNDERS,HYDRO,Output,814,813,812,812,813,814,840,840,839,839,838,837,835,835,832,831,830,830,805,804,803,806,806,804,
2024-04-02,SHANNON,WIND,Available Capacity,91,91,91,91,91,91,91,91,91,91,91,91,91,91,91,91,91,91,91,91,91,91,91,91,
2024-04-02,SHANNON,WIND,Forecast,49,56,59,57,64,67,69,74,69,70,68,69,71,72,76,72,64,64,63,63,64,48,54,56,
2024-04-02,SHANNON,WIND,Output,52,58,60,58,66,69,70,76,70,71,69,70,72,72,77,71,64,64,63,63,64,48,54,56,
2024-04-02,SILVERFALLS,HYDRO,Capability,52,52,52,52,52,52,52,52,52,52,52,52,52,52,52,52,52,52,52,52,52,52,52,52,
2024-04-02,SILVERFALLS,HYDRO,Output,0,43,46,2,0,45,47,2,0,43,47,2,0,44,47,2,0,45,47,5,0,44,2,0,
2024-04-02,SITHE GOREWAY-G11,GAS,Capability,0,0,0,0,0,0,0,0,0,0,0,0,0,0,0,0,0,0,0,0,0,0,0,0,
2024-04-02,SITHE GOREWAY-G11,GAS,Output,0,0,0,0,0,0,0,0,0,0,0,0,0,0,0,0,0,0,0,0,0,0,0,0,
2024-04-02,SITHE GOREWAY-G12,GAS,Capability,0,0,0,0,0,0,0,0,0,0,0,0,0,0,0,0,0,0,0,0,0,0,0,0,
2024-04-02,SITHE GOREWAY-G12,GAS,Output,0,0,0,0,0,0,0,0,0,0,0,0,0,0,0,0,0,0,0,0,0,0,0,0,
2024-04-02,SITHE GOREWAY-G13,GAS,Capability,0,0,0,0,0,0,0,0,0,0,0,0,0,0,0,0,0,0,0,0,0,0,0,0,
2024-04-02,SITHE GOREWAY-G13,GAS,Output,0,0,0,0,0,0,0,0,0,0,0,0,0,0,0,0,0,0,0,0,0,0,0,0,
2024-04-02,SITHE GOREWAY-G15,GAS,Capability,0,0,0,0,0,0,0,0,0,0,0,0,0,0,0,0,0,0,0,0,0,0,0,0,
2024-04-02,SITHE GOREWAY-G15,GAS,Output,0,0,0,0,0,0,0,0,0,0,0,0,0,0,0,0,0,0,0,0,0,0,0,0,
2024-04-02,SMOKY 2,HYDRO,Capability,88,88,88,88,88,88,88,88,88,88,88,88,88,88,88,88,88,88,88,88,88,88,88,88,
2024-04-02,SMOKY 2,HYDRO,Output,0,0,0,0,0,0,81,84,84,84,84,84,84,84,84,84,84,85,86,86,86,86,86,86,
2024-04-02,SOUTHGATE SF,SOLAR,Available Capacity,50,50,50,50,50,50,50,50,50,50,50,50,50,50,50,50,50,50,50,50,50,50,50,50,
2024-04-02,SOUTHGATE SF,SOLAR,Forecast,0,0,0,0,0,0,0,2,7,8,7,7,15,11,14,5,4,2,0,0,0,0,0,0,
2024-04-02,SOUTHGATE SF,SOLAR,Output,0,0,0,0,0,0,0,3,7,7,6,8,16,11,15,5,4,3,0,0,0,0,0,0,
2024-04-02,SPENCE,WIND,Available Capacity,99,99,99,99,99,99,99,99,99,99,99,99,99,99,99,99,99,99,99,99,99,99,99,99,
2024-04-02,SPENCE,WIND,Forecast,91,80,93,97,98,98,98,98,98,97,95,97,98,98,97,95,98,98,98,98,98,97,96,94,
2024-04-02,SPENCE,WIND,Output,91,81,96,98,99,99,99,99,99,97,96,97,98,99,96,95,99,99,99,99,99,99,98,96,
2024-04-02,STCLAIRCGS,GAS,Capability,618,618,618,618,618,618,618,618,618,618,618,618,618,618,618,618,618,618,618,618,618,618,618,618,
2024-04-02,STCLAIRCGS,GAS,Output,190,30,0,0,0,46,260,295,298,290,298,297,281,253,256,267,295,294,287,287,268,37,0,0,
2024-04-02,STEEPHILL,HYDRO,Capability,15,15,15,15,15,15,15,15,15,15,15,15,15,15,15,15,15,15,15,15,15,15,15,15,
2024-04-02,STEEPHILL,HYDRO,Output,2,2,2,2,2,6,12,12,12,12,12,12,12,12,12,12,6,2,2,2,2,2,2,2,
2024-04-02,STEWARTVLE,HYDRO,Capability,124,124,124,124,124,124,124,124,124,124,102,124,124,124,124,124,124,124,124,124,124,124,124,124,
2024-04-02,STEWARTVLE,HYDRO,Output,0,0,0,0,0,18,19,38,19,19,0,0,0,0,18,19,19,19,35,19,19,1,0,0,
2024-04-02,STONE MILLS SF,SOLAR,Available Capacity,54,54,54,54,54,54,54,54,54,54,54,54,54,54,54,54,54,54,54,54,54,54,54,54,
2024-04-02,STONE MILLS SF,SOLAR,Forecast,0,0,0,0,0,0,3,10,20,37,48,50,38,26,30,11,3,1,0,0,0,0,0,0,
2024-04-02,STONE MILLS SF,SOLAR,Output,0,0,0,0,0,0,4,10,21,41,49,50,35,26,30,10,4,2,0,0,0,0,0,0,
2024-04-02,SUMMERHAVEN,WIND,Available Capacity,124,124,124,124,124,124,124,124,124,124,124,124,124,124,124,124,124,124,124,124,124,124,124,124,
2024-04-02,SUMMERHAVEN,WIND,Forecast,53,58,51,65,77,84,101,105,97,102,106,114,115,108,99,109,106,108,92,89,86,95,96,105,
2024-04-02,SUMMERHAVEN,WIND,Output,54,56,53,67,82,83,104,105,97,103,107,116,114,109,101,111,106,109,91,88,85,95,99,108,
2024-04-02,TAOHSC,GAS,Capability,70,70,70,70,70,70,70,70,70,70,70,70,70,70,70,70,70,70,70,70,70,70,70,70,
2024-04-02,TAOHSC,GAS,Output,0,0,0,0,0,0,0,0,0,0,0,0,0,0,0,0,0,0,0,0,0,0,0,0,
2024-04-02,TASARNIA,GAS,Capability,505,505,505,505,505,505,505,505,505,505,505,505,505,505,505,505,505,505,505,505,505,505,505,505,
2024-04-02,TASARNIA,GAS,Output,238,246,246,182,130,156,232,235,235,235,235,234,235,234,233,234,234,234,240,239,239,239,229,192,
2024-04-02,TAWINDSOR,GAS,Capability,76,76,76,76,76,76,76,76,76,76,76,76,76,76,76,76,76,76,76,76,76,76,76,76,
2024-04-02,TAWINDSOR,GAS,Output,0,0,0,0,0,0,0,0,0,0,0,0,0,0,0,0,0,0,0,0,0,0,0,0,
2024-04-02,TBAYBOWATER CTS,BIOFUEL,Capability,50,50,50,50,50,50,50,50,50,50,50,50,50,50,50,50,50,50,50,50,50,50,50,50,
2024-04-02,TBAYBOWATER CTS,BIOFUEL,Output,0,0,0,0,0,0,0,0,0,0,4,11,0,0,0,0,0,0,0,0,0,0,0,0,
2024-04-02,THOROLDCGS,GAS,Capability,285,285,285,285,285,285,285,285,285,285,285,285,285,285,285,285,285,285,285,285,285,285,285,285,
2024-04-02,THOROLDCGS,GAS,Output,0,0,0,21,71,195,220,256,258,255,258,255,246,196,196,220,255,255,254,255,218,48,0,0,
2024-04-02,TUNISGS,GAS,Capability,59,59,59,59,59,59,59,59,59,59,59,59,59,59,59,59,59,59,59,59,59,59,59,59,
2024-04-02,TUNISGS,GAS,Output,0,0,0,0,0,0,0,0,0,0,0,0,0,0,0,0,0,0,0,0,0,0,0,0,
2024-04-02,UMBATAFALLS,HYDRO,Capability,24,24,24,24,24,24,24,24,24,24,24,24,24,24,24,24,24,24,24,24,24,24,24,24,
2024-04-02,UMBATAFALLS,HYDRO,Output,14,14,14,14,14,14,14,14,14,14,14,14,14,14,14,14,14,14,14,14,13,13,13,13,
2024-04-02,UNDERWOOD,WIND,Available Capacity,182,182,182,182,182,182,182,182,182,182,182,182,182,182,182,182,182,182,182,182,182,182,182,182,
2024-04-02,UNDERWOOD,WIND,Forecast,43,52,64,79,115,121,123,151,155,145,127,143,157,167,172,177,178,179,173,164,146,149,136,154,
2024-04-02,UNDERWOOD,WIND,Output,43,55,64,88,118,121,129,154,157,142,127,149,159,169,174,177,180,178,174,163,143,147,120,152,
2024-04-02,UPPER WHITE RIVER,HYDRO,Capability,0,0,0,0,0,0,0,0,0,0,0,0,0,0,0,0,0,0,0,0,0,0,0,0,
2024-04-02,UPPER WHITE RIVER,HYDRO,Output,3,3,3,3,3,3,3,3,3,3,3,3,3,3,3,3,3,3,3,3,3,2,0,0,
2024-04-02,WELLS,HYDRO,Capability,235,235,235,235,235,235,235,115,115,115,115,115,115,115,115,115,115,115,115,115,115,115,115,115,
2024-04-02,WELLS,HYDRO,Output,0,0,0,0,0,0,0,0,0,0,0,0,0,0,0,0,96,98,98,101,100,2,0,0,
2024-04-02,WEST LINCOLN NRWF,WIND,Available Capacity,227,227,227,227,227,227,227,227,227,227,227,227,227,227,227,227,227,227,227,227,227,227,227,227,
2024-04-02,WEST LINCOLN NRWF,WIND,Forecast,129,106,73,94,138,159,175,173,165,142,163,160,186,171,165,198,183,184,189,177,172,182,178,162,
2024-04-02,WEST LINCOLN NRWF,WIND,Output,133,104,73,100,146,164,177,179,160,147,164,168,189,175,169,202,184,192,188,178,175,191,174,167,
2024-04-02,WESTWINDSOR,GAS,Capability,143,143,143,143,143,143,143,143,143,143,143,143,143,143,143,143,143,143,143,143,143,143,143,143,
2024-04-02,WESTWINDSOR,GAS,Output,0,0,0,0,0,0,0,0,0,0,0,0,0,0,0,0,0,0,0,0,0,0,0,0,
2024-04-02,WHITBYCGS,GAS,Capability,55,55,55,55,55,55,55,55,55,55,55,55,55,55,55,55,55,55,55,55,55,55,55,55,
2024-04-02,WHITBYCGS,GAS,Output, , , , , , , , , , , , , , , , , , , , , , , , ,
2024-04-02,WHITEDOG,HYDRO,Capability,68,68,68,68,68,68,68,68,68,68,68,68,68,68,68,68,68,68,68,68,68,68,68,68,
2024-04-02,WHITEDOG,HYDRO,Output,22,22,22,12,2,18,18,38,51,57,57,57,57,58,58,58,10,2,2,2,2,2,2,3,
2024-04-02,WINDSOR AIRPORT SF,SOLAR,Available Capacity,50,50,50,50,50,50,50,50,50,50,50,50,50,50,50,50,50,50,50,50,50,50,50,50,
2024-04-02,WINDSOR AIRPORT SF,SOLAR,Forecast,0,0,0,0,0,0,0,0,2,2,6,9,8,7,5,3,3,1,0,0,0,0,0,0,
2024-04-02,WINDSOR AIRPORT SF,SOLAR,Output,0,0,0,0,0,0,0,0,1,2,6,9,7,6,5,2,3,0,0,0,0,0,0,0,
2024-04-02,WOLFE ISLAND,WIND,Available Capacity,198,198,190,190,190,190,190,190,190,190,190,190,190,190,190,190,190,190,190,190,190,190,190,190,
2024-04-02,WOLFE ISLAND,WIND,Forecast,45,69,62,60,80,97,96,107,114,143,147,146,137,123,155,155,114,96,43,26,43,74,89,114,
2024-04-02,WOLFE ISLAND,WIND,Output,48,70,61,66,85,101,99,113,123,150,155,152,142,132,166,162,121,101,40,28,44,80,93,121,
2024-04-02,YORKCGS-G1,GAS,Capability,232,232,232,232,232,232,232,232,232,232,232,232,232,232,232,232,232,232,232,232,232,232,232,232,
2024-04-02,YORKCGS-G1,GAS,Output,0,0,0,0,0,0,0,0,0,0,0,0,0,0,0,0,0,0,0,0,0,0,0,0,
2024-04-02,YORKCGS-G2,GAS,Capability,232,232,232,232,232,232,232,232,232,232,232,232,232,232,232,232,232,232,232,232,232,232,232,232,
2024-04-02,YORKCGS-G2,GAS,Output,0,0,0,0,0,0,0,0,0,0,0,0,0,0,0,0,0,0,0,0,0,0,0,0,
2024-04-02,ZURICH,WIND,Available Capacity,99,99,99,99,99,99,99,99,99,99,99,99,99,99,99,99,99,99,99,99,99,99,99,99,
2024-04-02,ZURICH,WIND,Forecast,45,46,68,86,94,95,95,95,97,98,97,98,98,98,98,98,98,98,98,98,97,97,98,98,
2024-04-02,ZURICH,WIND,Output,47,48,70,89,95,96,96,96,98,98,98,98,98,98,98,98,98,98,98,98,98,98,98,98,
