\\Generator Output Capability Month Report,,,,,,,,,,,,,,,,,,,,,,,,,,,
\\Created at 2026-08-02 06:00:08,,,,,,,,,,,,,,,,,,,,,,,,,,,
\\For August 2026,,,,,,,,,,,,,,,,,,,,,,,,,,,
Delivery Date,Generator,Fuel Type,Measurement,Hour 1,Hour 2,Hour 3,Hour 4,Hour 5,Hour 6,Hour 7,Hour 8,Hour 9,Hour 10,Hour 11,Hour 12,Hour 13,Hour 14,Hour 15,Hour 16,Hour 17,Hour 18,Hour 19,Hour 20,Hour 21,Hour 22,Hour 23,Hour 24
2026-08-01,ABKENORA,HYDRO,Capability,11,11,11,11,11,11,11,11,11,11,11,11,11,11,11,11,11,11,11,11,11,11,11,11,
2026-08-01,ABKENORA,HYDRO,Output,9,9,9,9,9,9,9,9,9,9,9,9,9,9,9,9,9,9,9,9,9,9,9,9,
2026-08-01,ADELAIDE,WIND,Available Capacity,60,60,60,60,60,60,60,60,60,60,60,60,60,60,60,60,60,60,60,60,60,60,60,60,
2026-08-01,ADELAIDE,WIND,Forecast,0,3,7,5,8,5,3,0,0,0,0,0,0,7,6,0,0,0,0,0,0,0,0,0,
2026-08-01,ADELAIDE,WIND,Output,0,4,7,6,8,5,3,0,0,0,0,0,0,9,6,0,0,0,0,0,0,0,0,0,
2026-08-01,AGUASABON,HYDRO,Capability,49,49,49,49,49,49,49,49,49,49,49,49,49,49,49,49,49,49,49,49,49,49,49,49,
2026-08-01,AGUASABON,HYDRO,Output,1,0,0,0,0,0,0,0,0,0,0,0,18,19,18,18,17,17,19,19,19,0,0,0,
2026-08-01,ALEXANDER,HYDRO,Capability,53,53,53,53,53,53,53,53,53,53,53,53,53,53,53,53,53,53,53,53,53,53,53,53,
2026-08-01,ALEXANDER,HYDRO,Output,56,56,56,56,56,56,56,56,56,56,56,56,56,56,56,56,56,56,56,56,56,56,56,56,
2026-08-01,AMARANTH,WIND,Available Capacity,159,159,159,159,159,159,159,159,159,159,159,159,159,159,159,159,159,159,159,159,159,159,159,159,
2026-08-01,AMARANTH,WIND,Forecast,1,1,0,0,0,0,0,0,0,0,0,0,0,0,14,12,1,12,13,5,4,12,15,14,
2026-08-01,AMARANTH,WIND,Output,1,1,0,0,0,0,1,0,0,0,0,0,1,1,24,12,3,17,16,5,6,17,18,20,
2026-08-01,AMHERST ISLAND,WIND,Available Capacity,74,74,74,74,74,74,74,74,74,74,74,74,74,74,74,74,74,74,74,74,74,74,74,74,
2026-08-01,AMHERST ISLAND,WIND,Forecast,1,0,2,2,1,3,9,6,5,3,0,0,0,2,2,3,2,0,0,0,0,0,0,0,
2026-08-01,AMHERST ISLAND,WIND,Output,0,0,2,2,0,4,10,6,5,2,0,0,0,2,3,3,3,0,0,0,0,0,0,0,
2026-08-01,APIROQUOIS,HYDRO,Capability,102,102,102,102,102,102,102,102,102,102,102,102,102,102,102,102,102,102,102,102,102,102,102,102,
2026-08-01,APIROQUOIS,HYDRO,Output,26,26,26,26,26,26,27,27,27,27,32,32,32,32,32,50,51,50,50,47,46,47,27,26,
2026-08-01,ARLEN BESS,OTHER,Capability,27,27,27,27,27,27,27,27,27,27,27,27,27,27,27,27,27,27,27,27,27,27,27,27,
2026-08-01,ARLEN BESS,OTHER,Output,0,0,0,0,0,0,0,0,0,0,0,0,0,0,0,0,0,0,0,0,0,0,0,0,
2026-08-01,ARMOW,WIND,Available Capacity,180,180,180,180,180,180,180,180,180,180,180,180,180,180,180,180,180,180,180,180,180,180,180,180,
2026-08-01,ARMOW,WIND,Forecast,0,0,0,1,6,4,1,0,0,0,0,0,1,14,16,29,54,10,24,39,17,17,21,42,
2026-08-01,ARMOW,WIND,Output,0,0,0,2,6,3,1,0,0,0,0,0,3,14,17,35,50,10,30,38,16,18,23,46,
2026-08-01,ARNPRIOR,HYDRO,Capability,41,41,41,41,41,41,41,41,41,41,41,41,41,41,41,41,41,41,41,41,41,41,41,41,
2026-08-01,ARNPRIOR,HYDRO,Output,0,0,0,0,0,0,0,0,0,0,0,0,0,35,1,0,0,2,3,37,38,2,0,0,
2026-08-01,ATIKOKAN-G1,BIOFUEL,Capability,135,135,135,135,135,135,135,135,135,135,135,135,135,135,135,135,135,135,135,135,135,135,135,135,
2026-08-01,ATIKOKAN-G1,BIOFUEL,Output,0,0,0,0,0,0,0,0,0,0,0,0,0,0,0,0,0,0,0,0,0,0,0,0,
2026-08-01,AUBREYFALLS,HYDRO,Capability,66,66,66,66,66,66,66,66,66,66,66,66,66,66,66,66,66,66,66,66,66,66,66,66,
2026-08-01,AUBREYFALLS,HYDRO,Output,0,0,0,0,0,0,0,0,64,1,0,0,0,0,0,0,0,63,3,0,0,0,0,0,
2026-08-01,BARRETT,HYDRO,Capability,176,176,176,176,176,176,176,176,176,176,176,176,176,176,176,176,176,176,176,176,176,176,176,176,
2026-08-01,BARRETT,HYDRO,Output,1,0,0,0,0,0,0,0,0,0,0,0,0,0,0,18,19,19,75,20,18,1,0,0,
2026-08-01,BECK1,HYDRO,Capability,511,511,511,511,511,511,511,511,511,511,511,511,511,511,511,511,511,511,511,511,511,511,511,511,
2026-08-01,BECK1,HYDRO,Output,479,449,385,362,336,139,106,154,194,263,358,429,408,417,268,262,210,292,355,363,478,483,483,424,
2026-08-01,BECK2,HYDRO,Capability,1402,1402,1402,1402,1402,1402,1402,1402,1402,1402,1402,1402,1402,1402,1402,1402,1402,1402,1402,1402,1402,1402,1402,1402,
2026-08-01,BECK2,HYDRO,Output,1021,1024,1005,948,1006,928,1030,1143,1017,1106,1184,1153,1162,1112,1070,1056,982,972,1043,1156,1022,988,1055,987,
2026-08-01,BECK2 PGS,HYDRO,Capability,116,116,116,116,116,116,116,116,116,116,116,116,116,116,116,116,116,116,116,116,116,116,116,116,
2026-08-01,BECK2 PGS,HYDRO,Output,3,3,3,3,3,3,3,3,3,11,34,44,39,33,10,3,0,0,0,5,3,0,3,4,
2026-08-01,BELLE RIVER,WIND,Available Capacity,100,100,100,100,100,100,100,100,100,100,100,100,100,100,100,100,100,100,100,100,100,100,100,100,
2026-08-01,BELLE RIVER,WIND,Forecast,3,7,11,11,16,9,8,2,0,0,1,3,4,7,3,2,1,5,16,21,32,63,55,50,
2026-08-01,BELLE RIVER,WIND,Output,4,8,12,12,17,8,8,1,0,0,2,4,4,7,3,2,0,6,19,20,39,66,53,53,
2026-08-01,BLAKE,WIND,Available Capacity,60,60,60,60,60,60,60,60,60,60,60,60,60,60,60,60,60,60,60,60,60,60,60,60,
2026-08-01,BLAKE,WIND,Forecast,0,0,0,0,1,0,0,0,0,0,0,0,0,0,0,3,0,1,1,4,6,10,20,10,
2026-08-01,BLAKE,WIND,Output,0,0,0,0,1,0,0,0,0,0,0,0,0,0,0,3,0,2,1,5,6,12,20,11,
2026-08-01,BORNISH,WIND,Available Capacity,73,73,73,73,73,73,73,73,73,73,73,73,73,73,73,73,73,73,73,73,73,73,73,73,
2026-08-01,BORNISH,WIND,Forecast,0,3,6,5,5,1,1,0,0,0,0,0,0,1,7,1,0,0,0,0,0,2,6,3,
2026-08-01,BORNISH,WIND,Output,0,4,7,6,4,1,1,0,0,0,0,0,0,4,4,1,0,0,0,0,0,3,6,3,
2026-08-01,BOW LAKE,WIND,Available Capacity,20,20,20,20,20,20,20,20,20,20,20,20,20,20,20,20,20,20,20,20,20,20,20,20,
2026-08-01,BOW LAKE,WIND,Forecast,0,2,1,0,0,0,0,3,2,2,2,1,2,5,7,7,8,10,12,12,12,13,13,15,
2026-08-01,BOW LAKE,WIND,Output,2,3,1,0,0,0,1,3,2,2,2,2,3,6,8,8,8,11,13,13,13,14,14,16,
2026-08-01,BOW LAKE 2,WIND,Available Capacity,40,40,40,40,40,40,40,40,40,40,40,40,40,40,40,40,40,40,40,40,40,40,40,40,
2026-08-01,BOW LAKE 2,WIND,Forecast,2,5,3,0,0,0,1,6,6,4,3,3,5,8,14,12,15,16,19,22,25,26,27,29,
2026-08-01,BOW LAKE 2,WIND,Output,4,5,3,0,0,0,2,7,6,4,3,4,6,8,15,13,14,17,20,25,26,28,28,31,
2026-08-01,BRIGHTON BEACH,GAS,Capability,320,320,320,320,320,320,320,320,320,320,320,320,320,320,320,320,320,320,320,320,320,320,320,642,
2026-08-01,BRIGHTON BEACH,GAS,Output,261,171,173,173,168,265,247,284,284,284,283,282,282,283,283,284,284,283,284,285,286,288,292,106,
2026-08-01,BRUCEA-G1,NUCLEAR,Capability,828,828,828,828,828,828,828,828,828,828,828,828,828,828,828,828,828,828,828,828,828,828,828,828,
2026-08-01,BRUCEA-G1,NUCLEAR,Output,816,816,814,810,812,812,811,811,812,813,812,814,816,814,816,816,815,816,815,814,814,814,814,814,
2026-08-01,BRUCEA-G2,NUCLEAR,Capability,828,828,828,828,828,828,828,828,828,828,828,828,828,828,828,828,828,828,828,828,828,828,828,828,
2026-08-01,BRUCEA-G2,NUCLEAR,Output,818,816,814,810,810,810,810,810,811,812,813,815,815,813,814,814,813,814,813,813,813,813,813,813,
2026-08-01,BRUCEA-G3,NUCLEAR,Capability,795,795,795,795,795,795,795,795,795,795,795,795,795,795,795,795,795,795,795,795,795,795,795,795,
2026-08-01,BRUCEA-G3,NUCLEAR,Output,798,795,792,786,786,785,785,785,786,788,789,791,793,790,791,793,791,793,793,792,791,791,790,790,
2026-08-01,BRUCEA-G4,NUCLEAR,Capability,0,0,0,0,0,0,0,0,0,0,0,0,0,0,0,0,0,0,0,0,0,0,0,0,
2026-08-01,BRUCEA-G4,NUCLEAR,Output,0,0,0,0,0,0,0,0,0,0,0,0,0,0,0,0,0,0,0,0,0,0,0,0,
2026-08-01,BRUCEB-G5,NUCLEAR,Capability,817,817,817,817,817,817,817,817,817,817,817,817,817,817,817,817,817,817,817,817,817,817,817,817,
2026-08-01,BRUCEB-G5,NUCLEAR,Output,817,816,816,815,815,813,813,813,814,815,814,813,812,812,813,812,813,815,816,816,816,816,815,815,
2026-08-01,BRUCEB-G6,NUCLEAR,Capability,817,817,817,817,817,817,817,817,817,817,817,817,817,817,817,817,817,817,817,817,817,817,817,817,
2026-08-01,BRUCEB-G6,NUCLEAR,Output,821,819,818,819,818,817,817,818,818,818,820,819,819,818,817,816,816,818,819,818,819,819,817,816,
2026-08-01,BRUCEB-G7,NUCLEAR,Capability,817,817,817,817,817,817,817,817,817,817,817,817,817,817,817,817,817,817,817,817,817,817,817,817,
2026-08-01,BRUCEB-G7,NUCLEAR,Output,821,819,819,820,818,817,816,816,818,818,820,818,818,818,817,815,814,816,815,815,815,815,816,817,
2026-08-01,BRUCEB-G8,NUCLEAR,Capability,817,817,817,817,817,817,817,817,817,817,817,817,817,817,817,817,817,817,817,817,817,817,817,817,
2026-08-01,BRUCEB-G8,NUCLEAR,Output,819,817,818,818,817,815,814,814,816,816,816,815,815,814,813,812,811,813,813,813,815,815,815,815,
2026-08-01,CALSTOCKGS,BIOFUEL,Capability,38,38,38,38,38,38,38,38,38,38,38,38,38,38,38,38,38,38,38,38,38,38,38,38,
2026-08-01,CALSTOCKGS,BIOFUEL,Output,23,17,16,16,16,16,15,22,28,29,29,29,29,29,29,29,29,29,28,28,27,27,27,27,
2026-08-01,CAMERONFALLS,HYDRO,Capability,71,71,71,71,71,71,71,71,71,71,71,71,71,71,71,71,71,71,71,71,71,71,71,71,
2026-08-01,CAMERONFALLS,HYDRO,Output,55,55,55,55,55,54,57,57,56,57,56,56,55,55,55,55,57,57,56,56,56,56,56,56,
2026-08-01,CANYON,HYDRO,Capability,69,341,341,341,341,341,341,341,341,341,341,341,341,341,341,341,341,341,341,341,341,341,341,341,
2026-08-01,CANYON,HYDRO,Output,0,0,0,0,0,0,0,0,0,0,0,52,54,54,54,122,183,168,168,168,108,55,0,0,
2026-08-01,CARDINAL,GAS,Capability,184,184,184,184,184,184,184,184,140,140,140,140,140,140,140,140,140,140,140,140,140,140,184,184,
2026-08-01,CARDINAL,GAS,Output,0,0,0,0,0,0,0,0,0,0,0,0,0,0,0,0,0,0,0,0,0,0,0,0,
2026-08-01,CARIBOUFALLS,HYDRO,Capability,94,94,94,94,94,94,94,94,94,94,94,94,94,94,94,94,94,94,94,94,94,94,94,94,
2026-08-01,CARIBOUFALLS,HYDRO,Output,30,27,27,27,27,27,27,27,27,52,53,54,54,54,53,53,58,62,57,57,39,59,60,61,
2026-08-01,CARMICHAEL,HYDRO,Capability,9,9,9,9,9,9,9,9,9,9,9,9,9,9,9,9,9,9,9,9,9,9,9,9,
2026-08-01,CARMICHAEL,HYDRO,Output,5,5,5,5,5,5,5,5,5,5,5,5,5,5,5,5,5,5,5,5,5,5,5,5,
2026-08-01,CEDAR POINT 2,WIND,Available Capacity,100,100,100,100,100,100,100,100,100,100,100,100,100,100,100,100,100,100,100,100,100,100,100,100,
2026-08-01,CEDAR POINT 2,WIND,Forecast,0,5,9,3,0,2,0,0,0,0,0,1,2,2,4,1,3,2,1,0,0,5,6,2,
2026-08-01,CEDAR POINT 2,WIND,Output,0,7,9,3,0,3,0,0,0,0,0,1,2,2,5,2,3,2,2,0,0,6,6,1,
2026-08-01,CHATSFALLS,HYDRO,Capability,144,144,144,144,144,144,144,144,144,144,144,144,144,144,144,144,144,144,144,144,144,144,144,144,
2026-08-01,CHATSFALLS,HYDRO,Output,48,49,49,49,72,73,73,73,73,73,73,73,73,74,74,97,98,120,141,142,119,72,49,47,
2026-08-01,CHENAUX,HYDRO,Capability,79,79,79,79,79,79,79,79,79,79,79,79,79,79,79,79,79,79,79,79,79,79,79,79,
2026-08-01,CHENAUX,HYDRO,Output,36,35,35,35,35,36,52,53,53,69,70,70,69,69,69,68,68,68,68,68,67,52,51,51,
2026-08-01,CLERGUE,HYDRO,Capability,33,33,33,33,33,33,33,33,33,33,33,33,33,33,33,33,33,33,33,33,33,33,33,33,
2026-08-01,CLERGUE,HYDRO,Output,33,33,33,33,33,33,35,35,34,35,34,34,34,35,34,33,33,33,33,34,33,33,33,33,
2026-08-01,COCHRANECGS,GAS,Capability,32,32,32,32,32,32,32,32,32,32,32,32,32,32,32,32,32,32,32,32,32,32,32,32,
2026-08-01,COCHRANECGS,GAS,Output,0,0,0,0,0,0,0,0,0,0,0,0,0,0,0,0,0,0,0,0,0,0,0,0,
2026-08-01,COMBER,WIND,Available Capacity,166,166,166,166,166,166,166,166,166,166,166,166,166,166,166,166,166,166,166,166,166,166,166,166,
2026-08-01,COMBER,WIND,Forecast,0,0,0,0,0,0,2,1,0,0,3,5,5,7,4,1,0,3,16,19,42,52,46,38,
2026-08-01,COMBER,WIND,Output,0,0,0,0,0,0,3,0,0,0,4,5,6,6,4,0,0,4,17,21,49,50,49,38,
2026-08-01,CRYSLER,WIND,Available Capacity,100,100,100,100,100,100,100,100,100,100,100,100,100,100,100,100,100,100,100,100,100,100,100,100,
2026-08-01,CRYSLER,WIND,Forecast,68,56,76,78,79,63,45,22,14,10,8,7,3,3,3,4,2,0,0,0,0,0,0,0,
2026-08-01,CRYSLER,WIND,Output,68,58,80,79,79,61,44,20,12,10,8,7,3,4,4,4,2,0,0,0,0,0,0,0,
2026-08-01,DA WATSON,HYDRO,Capability,70,70,70,70,70,70,70,70,70,70,70,70,70,70,70,70,70,70,70,70,70,70,70,70,
2026-08-01,DA WATSON,HYDRO,Output,20,20,20,20,20,20,20,20,20,20,20,20,20,20,20,20,20,20,20,20,20,20,21,21,
2026-08-01,DARLINGTON-G1,NUCLEAR,Capability,845,845,845,845,845,845,845,845,845,845,845,845,845,845,845,845,845,845,845,845,845,845,845,845,
2026-08-01,DARLINGTON-G1,NUCLEAR,Output,846,849,851,852,852,848,846,844,842,842,845,847,849,848,848,850,850,850,847,844,845,843,844,845,
2026-08-01,DARLINGTON-G2,NUCLEAR,Capability,850,850,850,850,850,850,850,850,850,850,850,850,850,850,850,850,850,850,850,850,850,850,850,850,
2026-08-01,DARLINGTON-G2,NUCLEAR,Output,859,863,864,865,865,862,859,857,855,856,859,861,862,862,863,865,865,864,862,859,859,858,858,860,
2026-08-01,DARLINGTON-G3,NUCLEAR,Capability,0,0,0,0,0,0,0,0,0,0,0,0,0,0,0,0,0,0,0,0,0,0,0,0,
2026-08-01,DARLINGTON-G3,NUCLEAR,Output,0,0,0,0,0,0,0,0,0,0,0,0,0,0,0,0,0,0,0,0,0,0,0,0,
2026-08-01,DARLINGTON-G4,NUCLEAR,Capability,855,855,855,855,855,855,855,855,855,855,855,855,855,855,855,0,0,0,0,0,0,0,0,0,
2026-08-01,DARLINGTON-G4,NUCLEAR,Output,850,852,855,857,857,854,851,849,848,847,850,852,853,853,637,0,0,0,0,0,0,0,0,0,
2026-08-01,DECEWFALLS,HYDRO,Capability,148,148,148,148,148,148,148,148,148,148,148,148,148,148,148,148,148,148,148,148,148,148,148,148,
2026-08-01,DECEWFALLS,HYDRO,Output,143,143,143,143,143,143,143,143,143,143,143,143,143,143,143,142,142,142,142,144,145,145,145,145,
2026-08-01,DECEWND1,HYDRO,Capability,29,29,29,29,29,29,29,29,29,29,29,29,29,29,29,29,29,29,29,29,29,29,29,29,
2026-08-01,DECEWND1,HYDRO,Output,19,19,19,19,19,19,19,19,19,19,19,19,19,19,19,19,19,19,19,20,20,20,20,20,
2026-08-01,DESJOACHIMS,HYDRO,Capability,429,429,429,429,429,429,429,429,429,429,429,429,429,429,429,429,429,429,429,429,429,429,429,429,
2026-08-01,DESJOACHIMS,HYDRO,Output,0,0,0,0,0,0,0,0,0,0,183,185,186,180,250,276,361,323,336,353,259,166,100,5,
2026-08-01,DESTEC,GAS,Capability,120,120,120,120,120,120,120,120,120,120,120,120,120,120,120,120,120,120,120,120,120,120,120,120,
2026-08-01,DESTEC,GAS,Output,0,0,0,0,0,0,0,0,0,0,0,0,0,0,0,0,0,0,0,0,0,0,0,0,
2026-08-01,DILLON,WIND,Available Capacity,78,78,78,78,78,78,78,78,78,78,78,78,78,78,78,78,78,78,78,78,78,78,78,78,
2026-08-01,DILLON,WIND,Forecast,0,0,0,0,0,0,3,0,0,0,1,2,1,2,0,0,2,1,6,11,12,10,25,24,
2026-08-01,DILLON,WIND,Output,0,0,0,0,0,0,3,0,0,1,1,3,2,2,0,0,2,2,7,12,12,13,25,25,
2026-08-01,DOWCHEMICAL,GAS,Capability,36,36,36,36,36,36,36,36,36,36,36,36,36,36,36,36,36,36,36,36,36,36,36,36,
2026-08-01,DOWCHEMICAL,GAS,Output,17,17,16,15,14,15,15,16,16,16,17,19,19,19,19,18,18,18,18,18,16,16,16,15,
2026-08-01,DPNTMTLND,GAS,Capability,52,52,52,52,52,52,52,52,52,52,52,52,52,52,52,52,52,52,52,52,52,52,52,52,
2026-08-01,DPNTMTLND,GAS,Output, , , , , , , , , , , , , , , , , , , , , , , , ,
2026-08-01,EARFALLS,HYDRO,Capability,18,18,18,18,18,18,18,18,18,18,18,18,18,18,18,18,18,18,18,18,18,18,18,18,
2026-08-01,EARFALLS,HYDRO,Output,13,13,13,13,13,13,13,13,13,13,13,13,13,13,13,13,13,13,13,13,13,13,13,13,
2026-08-01,EAST LAKE,WIND,Available Capacity,99,99,99,99,99,99,99,99,99,99,99,99,99,99,99,99,99,99,99,99,99,99,99,99,
2026-08-01,EAST LAKE,WIND,Forecast,5,9,9,6,6,3,5,4,0,0,0,1,10,5,1,1,1,3,3,9,5,8,11,30,
2026-08-01,EAST LAKE,WIND,Output,7,10,10,7,6,4,6,3,1,0,0,4,11,5,1,1,1,3,4,9,5,8,14,31,
2026-08-01,EAST WINDSOR-G1,GAS,Capability,0,0,0,46,46,46,46,46,46,46,46,46,46,46,46,46,46,46,0,46,46,46,46,46,
2026-08-01,EAST WINDSOR-G1,GAS,Output, , , , , , , , , , , , , , ,36,39,39,38, , , , , , ,
2026-08-01,EAST WINDSOR-G2,GAS,Capability,0,0,0,0,0,0,0,0,0,0,0,0,0,0,0,0,0,0,0,0,0,0,0,0,
2026-08-01,EAST WINDSOR-G2,GAS,Output,0,0,0,0,0,0,0,0,0,0,0,0,0,0,0,0,0,0,0,0,0,0,0,0,
2026-08-01,EAST WINDSOR-G3,GAS,Capability,107,107,107,107,107,107,107,107,107,107,107,107,107,107,107,107,107,107,107,107,107,107,107,107,
2026-08-01,EAST WINDSOR-G3,GAS,Output,0,0,0,0,0,0,0,0,0,0,0,0,0,0,0,0,0,0,0,0,0,0,0,0,
2026-08-01,ERIEAU,WIND,Available Capacity,99,99,99,99,99,99,99,99,99,99,99,99,99,99,99,99,99,99,99,99,99,99,99,99,
2026-08-01,ERIEAU,WIND,Forecast,0,0,0,0,0,0,2,0,1,0,0,1,0,1,1,1,2,4,7,14,8,5,25,18,
2026-08-01,ERIEAU,WIND,Output,0,0,0,0,0,0,2,0,1,1,1,2,1,1,1,1,3,4,8,14,7,9,21,15,
2026-08-01,FORTFRANCSWC,HYDRO,Capability,2,2,2,2,2,2,2,2,2,2,2,2,2,2,2,2,2,2,2,2,2,2,2,2,
2026-08-01,FORTFRANCSWC,HYDRO,Output,5,5,5,5,5,5,5,5,5,5,5,5,5,5,5,5,5,5,5,5,5,5,5,5,
2026-08-01,GARTSHORE,HYDRO,Capability,85,85,85,85,85,85,85,85,85,85,85,85,85,85,85,85,85,85,85,85,85,85,85,85,
2026-08-01,GARTSHORE,HYDRO,Output,0,0,0,0,0,0,0,0,0,0,0,1,1,59,76,79,71,71,72,71,71,13,0,0,
2026-08-01,GOREWAY BESS,OTHER,Capability,55,55,55,55,55,55,55,55,55,55,55,55,55,55,55,55,55,55,55,55,55,55,55,55,
2026-08-01,GOREWAY BESS,OTHER,Output,0,0,0,0,0,0,0,0,0,0,0,0,0,0,0,0,38,38,1,0,0,0,0,0,
2026-08-01,GOSFIELDWGS,WIND,Available Capacity,51,51,51,51,51,51,51,51,51,51,51,51,51,51,51,51,51,51,51,51,51,51,51,51,
2026-08-01,GOSFIELDWGS,WIND,Forecast,0,0,0,0,0,0,0,0,0,0,0,1,1,1,1,0,0,2,3,6,11,15,10,11,
2026-08-01,GOSFIELDWGS,WIND,Output,0,0,0,0,0,0,0,0,0,1,0,1,2,1,1,0,0,2,4,8,14,14,14,11,
2026-08-01,GOSHEN,WIND,Available Capacity,102,102,102,102,102,102,102,102,102,102,102,102,102,102,102,102,102,102,102,102,102,102,102,102,
2026-08-01,GOSHEN,WIND,Forecast,0,0,4,1,3,1,0,0,0,0,0,0,1,1,23,17,0,0,0,0,14,27,18,15,
2026-08-01,GOSHEN,WIND,Output,0,1,5,1,3,1,0,0,0,0,0,1,1,1,31,12,0,0,0,1,17,29,17,16,
2026-08-01,GOULAIS,WIND,Available Capacity,25,25,25,25,25,25,25,25,25,25,25,25,25,25,25,25,25,25,25,25,25,25,25,25,
2026-08-01,GOULAIS,WIND,Forecast,0,0,0,1,0,0,1,1,0,0,0,0,0,0,1,0,0,0,0,1,4,10,9,11,
2026-08-01,GOULAIS,WIND,Output,0,0,0,1,0,1,2,2,0,0,0,0,0,0,2,1,0,0,1,2,6,10,9,12,
2026-08-01,GRAND VALLEY 3,WIND,Available Capacity,40,40,40,40,40,40,40,40,40,40,40,40,40,40,40,40,40,40,40,40,40,40,40,40,
2026-08-01,GRAND VALLEY 3,WIND,Forecast,0,0,0,0,0,0,0,0,0,0,0,0,0,0,0,3,2,5,8,2,1,6,11,8,
2026-08-01,GRAND VALLEY 3,WIND,Output,0,0,0,0,0,0,0,0,0,0,0,0,0,0,0,4,3,7,8,2,1,8,10,10,
2026-08-01,GRANDSF,SOLAR,Available Capacity,100,100,100,100,100,100,100,100,100,100,100,100,100,100,100,100,100,100,100,100,100,100,100,100,
2026-08-01,GRANDSF,SOLAR,Forecast,0,0,0,0,0,0,3,19,34,49,63,83,70,71,53,32,20,16,4,0,0,0,0,0,
2026-08-01,GRANDSF,SOLAR,Output,0,0,0,0,0,0,5,18,37,46,71,82,67,74,46,28,20,18,4,0,0,0,0,0,
2026-08-01,GRANDWF,WIND,Available Capacity,149,149,149,149,149,149,149,149,149,149,149,149,149,149,149,149,149,149,149,149,149,149,149,149,
2026-08-01,GRANDWF,WIND,Forecast,0,0,0,0,0,6,2,3,3,6,1,1,3,0,0,0,0,0,0,3,0,0,0,15,
2026-08-01,GRANDWF,WIND,Output,0,0,0,0,0,6,3,3,4,7,0,2,2,0,0,0,0,0,0,3,0,0,0,20,
2026-08-01,GREENFIELD ENERGY CENTRE-G1,GAS,Capability,180,175,175,175,175,175,175,175,175,175,175,175,175,175,175,175,175,175,175,175,175,175,175,175,
2026-08-01,GREENFIELD ENERGY CENTRE-G1,GAS,Output,175,176,176,167,156,173,149,163,172,170,169,168,170,174,175,173,172,172,173,173,174,174,174,166,
2026-08-01,GREENFIELD ENERGY CENTRE-G2,GAS,Capability,180,175,175,175,175,175,175,175,175,175,175,175,175,175,175,175,175,175,175,175,175,175,175,175,
2026-08-01,GREENFIELD ENERGY CENTRE-G2,GAS,Output,178,178,177,167,156,172,149,163,171,170,169,168,170,174,173,172,171,173,172,172,173,173,174,166,
2026-08-01,GREENFIELD ENERGY CENTRE-G3,GAS,Capability,180,175,175,175,175,175,175,175,175,175,175,175,175,175,175,175,175,175,175,175,175,175,175,175,
2026-08-01,GREENFIELD ENERGY CENTRE-G3,GAS,Output,176,174,176,167,156,172,149,163,171,169,168,166,170,177,178,176,174,176,176,174,176,177,178,168,
2026-08-01,GREENFIELD ENERGY CENTRE-G4,GAS,Capability,497,490,490,490,490,490,490,490,490,490,490,490,490,490,490,490,490,490,490,490,490,490,490,490,
2026-08-01,GREENFIELD ENERGY CENTRE-G4,GAS,Output,454,380,370,314,270,339,285,317,418,456,487,491,497,502,502,501,499,500,412,431,481,431,388,325,
2026-08-01,GREENFIELD SOUTH-G1,GAS,Capability,170,170,170,170,170,170,170,170,170,170,170,170,170,170,170,170,170,170,170,170,170,170,170,170,
2026-08-01,GREENFIELD SOUTH-G1,GAS,Output,144,114,115,115,113,113,113,113,136,143,167,167,168,170,169,168,168,168,123,140,159,144,116,114,
2026-08-01,GREENFIELD SOUTH-G2,GAS,Capability,110,110,110,110,110,110,110,110,110,110,110,110,110,110,110,110,110,110,110,110,110,110,110,110,
2026-08-01,GREENFIELD SOUTH-G2,GAS,Output,89,74,75,74,74,72,72,71,80,88,105,110,111,112,111,112,113,113,81,85,105,91,75,75,
2026-08-01,GREENWICH,WIND,Available Capacity,99,99,99,99,99,99,99,99,99,99,99,99,99,99,99,99,99,99,99,99,99,99,99,99,
2026-08-01,GREENWICH,WIND,Forecast,36,32,29,26,23,21,20,16,15,17,19,19,18,17,17,18,20,21,19,18,19,21,20,17,
2026-08-01,GREENWICH,WIND,Output,18,21,29,26,19,19,19,16,10,12,15,17,15,17,16,17,20,21,18,16,18,20,16,11,
2026-08-01,GTAA-G1,GAS,Capability,47,47,47,47,47,47,47,47,47,47,47,47,47,47,47,47,47,47,47,47,47,47,47,47,
2026-08-01,GTAA-G1,GAS,Output,0,0,0,0,0,0,0,0,0,0,0,0,0,0,13,31,31,32,32,33,33,33,33,32,
2026-08-01,GTAA-G2,GAS,Capability,0,0,0,0,0,0,0,0,0,0,0,0,0,0,0,0,0,0,0,0,0,0,0,0,
2026-08-01,GTAA-G2,GAS,Output,0,0,0,0,0,0,0,0,0,0,0,0,0,0,0,0,0,0,0,0,0,0,0,0,
2026-08-01,GTAA-G3,GAS,Capability,0,0,0,0,0,0,0,0,0,0,0,0,0,0,0,0,0,0,0,0,0,0,0,0,
2026-08-01,GTAA-G3,GAS,Output,0,0,0,0,0,0,0,0,0,0,0,0,0,0,0,0,3,9,9,9,9,9,9,9,
2026-08-01,HAGERSVILLE BESS,OTHER,Capability,0,327,327,327,327,327,327,327,327,327,327,327,327,327,327,327,327,327,327,327,0,0,0,0,
2026-08-01,HAGERSVILLE BESS,OTHER,Output,0,0,0,0,0,0,0,1,1,6,26,58,54,3,158,295,300,195,2,3,161,0,0,0,
2026-08-01,HALTONHILLS-LT.G1,GAS,Capability,230,230,230,230,230,230,230,230,230,230,230,230,230,230,230,230,230,230,230,230,230,230,230,230,
2026-08-01,HALTONHILLS-LT.G1,GAS,Output,198,197,198,168,144,185,148,181,197,198,197,195,194,193,193,194,195,196,195,197,198,196,196,190,
2026-08-01,HALTONHILLS-LT.G2,GAS,Capability,230,230,230,230,230,230,230,230,230,230,230,230,230,230,230,230,230,230,230,230,230,230,230,230,
2026-08-01,HALTONHILLS-LT.G2,GAS,Output,198,198,199,169,144,186,148,181,197,199,197,194,194,193,193,194,195,196,195,197,199,196,197,191,
2026-08-01,HALTONHILLS-LT.G3,GAS,Capability,299,299,299,299,299,299,299,299,299,299,299,299,299,299,299,299,299,299,299,299,299,299,299,299,
2026-08-01,HALTONHILLS-LT.G3,GAS,Output,256,228,217,176,158,183,163,198,247,248,246,244,245,245,244,247,248,250,249,242,251,249,249,232,
2026-08-01,HARMON,HYDRO,Capability,156,156,156,156,156,156,156,156,156,156,156,156,156,156,156,156,156,156,156,156,156,156,156,0,
2026-08-01,HARMON,HYDRO,Output,0,0,0,0,0,0,0,0,0,0,0,68,69,69,69,70,72,74,74,74,74,74,69,1,
2026-08-01,HARMON 2,HYDRO,Capability,78,78,78,78,78,78,78,78,78,78,78,78,78,78,78,78,78,78,78,78,78,78,78,0,
2026-08-01,HARMON 2,HYDRO,Output,0,0,0,0,0,0,0,0,0,0,0,0,0,0,0,0,0,0,0,0,0,0,0,0,
2026-08-01,HARRIS,HYDRO,Capability,12,12,12,12,12,12,12,12,12,12,12,12,12,12,12,12,12,12,12,12,12,12,12,12,
2026-08-01,HARRIS,HYDRO,Output,6,5,5,4,3,3,3,3,3,2,2,2,1,1,1,1,1,1,1,1,1,1,3,2,
2026-08-01,HENVEY NORTH,WIND,Available Capacity,117,117,117,117,117,117,117,117,117,117,117,117,117,117,117,117,117,117,117,117,117,117,117,117,
2026-08-01,HENVEY NORTH,WIND,Forecast,7,2,1,3,12,2,0,0,0,2,5,8,15,23,22,22,19,20,34,25,23,21,30,40,
2026-08-01,HENVEY NORTH,WIND,Output,5,2,0,4,13,1,0,0,1,3,6,9,18,25,21,24,17,22,36,24,23,22,31,41,
2026-08-01,HENVEY SOUTH,WIND,Available Capacity,183,183,183,183,183,183,183,183,183,183,183,183,183,183,183,183,183,183,183,183,183,183,183,183,
2026-08-01,HENVEY SOUTH,WIND,Forecast,9,6,0,5,20,1,0,0,0,3,6,8,18,33,35,34,28,29,51,38,47,47,45,64,
2026-08-01,HENVEY SOUTH,WIND,Output,8,5,0,7,20,1,0,0,0,4,6,9,22,37,36,36,27,32,52,39,48,46,45,65,
2026-08-01,HOLDEN,HYDRO,Capability,232,232,232,232,232,232,232,232,232,232,232,232,232,232,232,232,232,232,232,232,232,232,232,232,
2026-08-01,HOLDEN,HYDRO,Output,0,0,0,0,0,0,0,0,24,27,73,72,101,99,115,123,177,154,162,164,169,111,58,2,
2026-08-01,HOLINGSWTH,HYDRO,Capability,21,21,21,21,21,21,21,21,21,21,21,21,21,21,21,21,21,21,21,21,21,21,21,21,
2026-08-01,HOLINGSWTH,HYDRO,Output,0,0,0,0,17,18,18,18,18,16,0,0,0,0,0,15,16,17,20,20,20,20,0,0,
2026-08-01,HYDROGEN READY POWER PLANT (HRPP),GAS,Capability,206,206,206,206,206,206,206,206,206,206,206,206,206,206,206,206,206,206,206,206,206,206,206,206,
2026-08-01,HYDROGEN READY POWER PLANT (HRPP),GAS,Output,0,0,0,0,0,0,0,0,0,0,0,0,0,0,0,67,82,89,90,90,6,0,0,0,
2026-08-01,JERICHO,WIND,Available Capacity,149,149,149,149,149,149,149,149,149,149,149,149,149,149,149,149,149,149,149,149,149,149,149,149,
2026-08-01,JERICHO,WIND,Forecast,0,2,8,6,1,2,0,0,0,0,0,0,0,0,8,0,0,0,0,0,0,1,10,4,
2026-08-01,JERICHO,WIND,Output,0,3,8,6,1,2,0,0,0,0,0,0,0,1,8,0,0,0,0,0,0,2,9,2,
2026-08-01,K2WIND,WIND,Available Capacity,270,270,270,270,270,270,270,270,270,270,270,270,270,270,270,270,270,270,270,270,270,270,270,270,
2026-08-01,K2WIND,WIND,Forecast,0,0,0,0,0,3,9,11,0,0,0,0,0,27,48,44,83,103,30,20,28,61,42,56,
2026-08-01,K2WIND,WIND,Output,0,0,0,0,1,4,11,10,0,0,0,0,1,32,48,43,96,91,29,18,34,59,46,64,
2026-08-01,KAKABEKA,HYDRO,Capability,0,0,0,0,0,0,0,0,0,0,0,0,0,0,0,0,0,0,0,0,0,0,0,0,
2026-08-01,KAKABEKA,HYDRO,Output,0,0,0,0,0,0,0,0,0,0,0,0,0,0,0,0,0,0,0,0,0,0,0,0,
2026-08-01,KAPGS,GAS,Capability,29,29,29,29,29,29,29,29,29,29,29,29,29,29,29,29,29,29,29,29,29,29,29,29,
2026-08-01,KAPGS,GAS,Output,0,0,0,0,0,0,0,0,0,0,0,0,0,0,0,0,0,0,0,0,0,0,0,0,
2026-08-01,KINGSBRIDGE,WIND,Available Capacity,40,40,40,40,40,40,40,40,40,40,40,40,40,40,40,40,40,40,40,40,40,40,40,40,
2026-08-01,KINGSBRIDGE,WIND,Forecast,0,0,0,0,0,0,0,0,0,0,0,0,0,0,3,3,3,8,1,2,2,4,3,9,
2026-08-01,KINGSBRIDGE,WIND,Output,0,0,0,0,0,0,0,0,0,0,0,0,0,1,4,3,6,6,2,2,3,4,4,12,
2026-08-01,KINGSTONSF,SOLAR,Available Capacity,100,100,100,100,100,100,100,100,100,100,100,100,100,100,100,100,100,100,100,100,100,100,100,100,
2026-08-01,KINGSTONSF,SOLAR,Forecast,0,0,0,0,0,1,3,21,25,35,33,65,86,85,78,71,43,19,6,0,0,0,0,0,
2026-08-01,KINGSTONSF,SOLAR,Output,0,0,0,0,0,0,5,20,23,34,29,75,87,90,75,74,43,19,5,0,0,0,0,0,
2026-08-01,KIPLING,HYDRO,Capability,152,152,152,152,152,152,152,152,152,152,152,152,152,152,152,152,152,152,152,152,152,152,152,0,
2026-08-01,KIPLING,HYDRO,Output,0,1,0,0,0,0,0,0,0,0,0,0,0,0,0,0,0,0,0,0,0,0,0,3,
2026-08-01,KIPLING 2,HYDRO,Capability,79,79,79,79,79,79,79,79,79,79,79,79,79,79,79,79,79,79,79,79,79,79,79,0,
2026-08-01,KIPLING 2,HYDRO,Output,0,0,0,0,0,0,0,0,0,0,0,73,72,71,71,68,68,68,68,68,68,68,71,7,
2026-08-01,LAKESUPERIOR,GAS,Capability,125,125,125,125,125,125,125,125,125,125,125,125,125,125,125,125,125,125,125,125,125,125,125,125,
2026-08-01,LAKESUPERIOR,GAS,Output,29,29,29,29,29,29,29,29,29,29,29,29,29,29,29,29,29,29,29,29,29,29,29,29,
2026-08-01,LANDON,WIND,Available Capacity,40,40,40,40,40,40,40,40,40,40,40,40,40,40,40,40,40,40,40,40,40,40,40,40,
2026-08-01,LANDON,WIND,Forecast,0,5,6,5,6,3,2,1,0,0,0,0,0,4,5,0,0,0,0,0,0,0,0,0,
2026-08-01,LANDON,WIND,Output,1,6,7,5,6,4,2,1,0,0,0,0,0,5,5,0,0,0,0,0,0,0,0,0,
2026-08-01,LENNOX-G1,GAS,Capability,0,0,0,0,0,0,0,0,0,0,0,0,0,0,0,0,0,525,525,525,525,525,525,525,
2026-08-01,LENNOX-G1,GAS,Output,0,0,0,0,0,0,0,0,0,0,0,0,0,0,0,0,0,0,0,0,0,0,0,0,
2026-08-01,LENNOX-G2,GAS,Capability,0,0,0,0,0,0,0,0,0,0,0,0,0,0,0,0,0,525,525,525,525,525,525,525,
2026-08-01,LENNOX-G2,GAS,Output,0,0,0,0,0,0,0,0,0,0,0,0,0,0,0,0,0,0,0,0,0,0,0,0,
2026-08-01,LENNOX-G3,GAS,Capability,525,525,525,525,525,525,525,525,525,525,525,525,525,525,525,525,525,525,525,525,525,525,525,525,
2026-08-01,LENNOX-G3,GAS,Output,0,0,0,0,0,0,0,0,0,0,0,0,0,0,0,0,0,0,0,0,0,0,0,0,
2026-08-01,LENNOX-G4,GAS,Capability,475,475,475,475,475,475,475,475,475,475,475,475,475,475,475,475,475,475,525,525,525,525,525,525,
2026-08-01,LENNOX-G4,GAS,Output,0,0,0,0,0,0,0,0,0,0,0,0,0,0,0,0,0,0,0,0,0,0,0,0,
2026-08-01,LITTLELONG,HYDRO,Capability,144,144,144,144,144,144,144,144,144,144,144,144,144,144,144,144,144,144,144,144,144,144,144,0,
2026-08-01,LITTLELONG,HYDRO,Output,0,0,0,0,0,0,0,0,0,0,0,62,65,65,65,65,65,65,65,65,65,65,63,1,
2026-08-01,LITTLELONG 2,HYDRO,Capability,75,75,75,75,75,75,75,75,75,75,75,0,0,0,0,75,75,75,75,75,75,75,75,0,
2026-08-01,LITTLELONG 2,HYDRO,Output,0,0,0,0,0,0,0,0,0,0,0,0,0,0,0,0,0,0,0,0,0,0,0,0,
2026-08-01,LONGSAULTE,HYDRO,Capability,20,20,20,20,20,20,20,20,20,20,20,20,20,20,20,20,20,20,20,20,20,20,20,20,
2026-08-01,LONGSAULTE,HYDRO,Output,5,5,5,5,5,6,6,6,6,6,6,6,6,7,7,8,8,8,9,9,9,9,9,9,
2026-08-01,LOWER WHITE RIVER,HYDRO,Capability,1,1,1,1,1,1,1,1,1,1,1,1,1,1,1,1,1,1,1,1,1,1,1,1,
2026-08-01,LOWER WHITE RIVER,HYDRO,Output,4,4,4,4,4,4,4,4,4,4,4,4,4,4,4,4,4,4,4,4,4,4,4,4,
2026-08-01,LOWERNOTCH,HYDRO,Capability,257,257,257,257,257,257,257,257,257,257,257,257,257,257,257,257,257,257,257,257,257,257,257,257,
2026-08-01,LOWERNOTCH,HYDRO,Output,3,0,0,0,0,0,0,0,0,0,0,0,0,0,0,109,100,117,224,226,118,116,11,1,
2026-08-01,MACKAYGS,HYDRO,Capability,57,57,57,57,57,57,57,57,57,57,57,57,57,57,57,57,57,57,57,57,57,57,57,57,
2026-08-01,MACKAYGS,HYDRO,Output,0,0,0,0,0,0,0,0,0,0,0,0,0,0,51,56,47,47,48,51,56,1,0,0,
2026-08-01,MANITOUFALLS,HYDRO,Capability,74,74,74,74,74,74,74,74,74,74,74,74,74,74,74,74,74,74,74,74,74,74,74,74,
2026-08-01,MANITOUFALLS,HYDRO,Output,27,27,27,27,27,27,27,27,27,27,15,15,15,15,27,28,28,28,28,28,21,28,30,29,
2026-08-01,MCLEANSMTNWF-LT.AG_T1,WIND,Available Capacity,60,60,60,60,60,60,60,60,60,60,60,60,60,60,60,60,60,60,60,60,60,60,60,60,
2026-08-01,MCLEANSMTNWF-LT.AG_T1,WIND,Forecast,11,10,8,6,4,2,1,0,0,0,0,0,0,1,1,2,4,5,5,7,9,9,10,12,
2026-08-01,MCLEANSMTNWF-LT.AG_T1,WIND,Output,0,0,0,0,0,0,0,0,0,0,0,0,0,0,0,0,0,0,0,0,0,0,0,0,
2026-08-01,MISSION,HYDRO,Capability,14,14,14,14,14,14,14,14,14,14,14,14,14,14,14,14,14,14,14,14,14,14,14,14,
2026-08-01,MISSION,HYDRO,Output,7,6,5,4,3,3,3,4,4,3,3,3,3,2,2,2,2,3,3,2,2,2,1,2,
2026-08-01,MTNCHUTE,HYDRO,Capability,173,173,173,173,173,173,173,173,173,173,173,173,173,173,173,173,173,173,173,173,173,173,173,173,
2026-08-01,MTNCHUTE,HYDRO,Output,0,0,0,0,0,0,0,0,0,0,0,0,0,0,0,0,0,69,73,1,0,0,0,0,
2026-08-01,NAGAGAMI,HYDRO,Capability,9,9,9,9,9,9,9,9,9,9,9,9,9,9,9,9,9,9,9,9,9,9,9,9,
2026-08-01,NAGAGAMI,HYDRO,Output,1,1,1,2,2,2,2,2,2,2,2,2,2,2,2,2,2,2,2,2,2,2,2,2,
2026-08-01,NANTICOKE SOLAR,SOLAR,Available Capacity,44,44,44,44,44,44,44,44,44,44,44,44,44,44,44,44,44,44,44,44,44,44,44,44,
2026-08-01,NANTICOKE SOLAR,SOLAR,Forecast,0,0,0,0,0,0,2,7,17,21,36,39,29,28,21,14,10,7,1,0,0,0,0,0,
2026-08-01,NANTICOKE SOLAR,SOLAR,Output,0,0,0,0,0,0,3,7,19,21,40,39,28,27,19,12,11,7,1,0,0,0,0,0,
2026-08-01,NAPANEE BESS,OTHER,Capability,278,278,278,278,278,278,278,278,278,278,278,278,278,229,229,229,229,0,0,0,0,0,229,229,
2026-08-01,NAPANEE BESS,OTHER,Output,0,0,0,0,0,0,0,0,0,0,0,0,138,139,121,216,216,79,0,0,0,0,0,0,
2026-08-01,NAPANEE-G1,GAS,Capability,260,260,260,260,260,260,260,260,260,260,260,260,260,260,260,260,260,260,260,260,260,260,260,260,
2026-08-01,NAPANEE-G1,GAS,Output,245,247,246,243,230,243,225,244,244,244,244,244,243,243,242,241,241,242,243,242,242,243,244,244,
2026-08-01,NAPANEE-G2,GAS,Capability,260,260,260,260,260,260,260,260,260,260,260,260,260,260,260,260,260,260,260,260,260,260,260,260,
2026-08-01,NAPANEE-G2,GAS,Output,244,245,245,241,229,241,223,240,241,241,242,241,241,240,239,239,239,240,241,240,240,241,242,241,
2026-08-01,NAPANEE-G3,GAS,Capability,458,458,458,458,458,458,458,458,458,458,458,458,458,458,458,458,458,458,458,458,458,458,458,458,
2026-08-01,NAPANEE-G3,GAS,Output,414,380,315,249,236,266,234,303,403,397,413,413,412,414,415,416,416,417,410,407,410,413,409,349,
2026-08-01,NIPIGONGS,GAS,Capability,23,23,23,23,23,23,23,23,23,23,23,23,23,23,23,23,23,23,23,23,23,23,23,23,
2026-08-01,NIPIGONGS,GAS,Output, , , , , , , , , , , , , , , , , , , , , , , , ,
2026-08-01,NORTH KENT,WIND,Available Capacity,99,99,99,99,99,99,99,99,99,99,99,99,99,99,99,99,99,99,99,99,99,99,99,99,
2026-08-01,NORTH KENT,WIND,Forecast,5,8,10,8,9,4,5,5,0,0,0,3,10,4,0,0,1,1,2,5,2,8,7,16,
2026-08-01,NORTH KENT,WIND,Output,5,9,10,9,9,5,6,5,0,0,0,4,10,4,0,0,2,1,3,6,2,8,5,16,
2026-08-01,NORTHBAYGS,GAS,Capability,60,60,60,60,60,60,60,60,60,60,60,60,60,60,60,60,60,60,60,60,60,60,60,60,
2026-08-01,NORTHBAYGS,GAS,Output,0,0,0,0,0,0,0,0,0,0,0,0,0,0,0,0,0,0,0,0,0,0,0,0,
2026-08-01,NORTHLAND POWER SOLAR FACILITIES,SOLAR,Available Capacity,40,40,40,40,40,40,40,40,40,40,40,40,40,40,40,40,40,40,40,40,40,40,40,40,
2026-08-01,NORTHLAND POWER SOLAR FACILITIES,SOLAR,Forecast,0,0,0,0,0,0,5,11,20,33,37,37,36,36,36,35,29,14,4,0,0,0,0,0,
2026-08-01,NORTHLAND POWER SOLAR FACILITIES,SOLAR,Output,0,0,0,0,0,1,6,11,22,36,39,39,39,39,39,38,30,16,4,1,0,0,0,0,
2026-08-01,NPIROQFALLS,GAS,Capability,125,125,125,125,125,125,125,125,125,125,125,125,125,125,125,125,125,125,125,125,125,125,125,125,
2026-08-01,NPIROQFALLS,GAS,Output,0,0,0,0,0,0,0,0,0,0,0,0,0,0,0,0,0,0,0,0,0,0,0,0,
2026-08-01,NPKIRKLAND-G1-G5,GAS,Capability,82,82,82,82,82,82,82,82,82,82,82,82,82,82,82,82,82,82,82,82,82,82,82,82,
2026-08-01,NPKIRKLAND-G1-G5,GAS,Output,0,0,0,0,0,0,0,0,0,0,0,0,0,0,0,0,0,0,0,0,0,0,0,0,
2026-08-01,NPKIRKLAND-G6,GAS,Capability,33,33,33,33,33,33,33,33,33,33,33,33,33,33,33,33,33,33,33,33,33,33,33,33,
2026-08-01,NPKIRKLAND-G6,GAS,Output,0,0,0,0,0,0,0,0,0,0,0,0,0,0,5,16,25,13,7,0,17,0,15,3,
2026-08-01,ONEIDA ENERGY STORAGE,OTHER,Capability,250,250,250,250,250,250,250,250,250,250,250,250,250,250,250,250,250,250,250,250,250,0,250,250,
2026-08-01,ONEIDA ENERGY STORAGE,OTHER,Output,0,0,0,0,0,0,0,0,0,0,19,70,70,80,95,121,140,130,101,90,57,0,0,0,
2026-08-01,OTTERRAPIDS,HYDRO,Capability,152,152,152,152,152,152,152,152,152,152,152,152,152,152,152,152,152,152,152,152,152,152,152,152,
2026-08-01,OTTERRAPIDS,HYDRO,Output,4,0,0,0,0,0,0,0,0,0,0,0,37,83,107,125,132,130,124,123,83,47,1,0,
2026-08-01,PAROCHES,WIND,Available Capacity,49,49,49,49,49,49,49,49,49,49,49,49,49,49,49,49,49,49,49,49,49,49,49,49,
2026-08-01,PAROCHES,WIND,Forecast,2,3,3,4,5,3,2,1,0,0,1,2,2,4,1,1,0,0,6,8,11,20,21,15,
2026-08-01,PAROCHES,WIND,Output,3,3,3,5,6,3,3,1,0,0,1,2,2,4,1,1,0,1,7,9,13,22,21,15,
2026-08-01,PETER SUTHERLAND SR,HYDRO,Capability,27,27,27,27,27,27,27,27,27,27,27,27,27,27,27,27,27,27,27,27,27,0,0,0,
2026-08-01,PETER SUTHERLAND SR,HYDRO,Output,5,5,5,5,5,5,5,5,5,5,5,5,5,5,5,5,5,5,5,5,5,2,0,0,
2026-08-01,PICKERINGB-G5,NUCLEAR,Capability,505,505,505,505,505,505,505,505,505,505,505,505,505,505,505,505,505,505,505,505,505,505,505,505,
2026-08-01,PICKERINGB-G5,NUCLEAR,Output,506,504,506,505,506,506,504,506,507,506,506,506,505,504,503,503,502,503,504,504,504,503,502,501,
2026-08-01,PICKERINGB-G6,NUCLEAR,Capability,510,510,510,510,510,510,510,510,510,510,510,510,510,510,510,500,500,500,500,500,500,500,500,500,
2026-08-01,PICKERINGB-G6,NUCLEAR,Output,504,503,502,502,502,503,503,502,504,504,503,502,502,501,500,499,501,501,502,500,501,501,499,497,
2026-08-01,PICKERINGB-G7,NUCLEAR,Capability,520,520,520,520,520,520,520,520,520,520,520,520,520,520,520,500,500,500,520,520,520,520,520,520,
2026-08-01,PICKERINGB-G7,NUCLEAR,Output,515,513,515,515,515,515,515,516,516,516,516,509,509,514,514,506,504,515,515,516,514,515,513,513,
2026-08-01,PICKERINGB-G8,NUCLEAR,Capability,515,515,515,515,515,515,515,515,515,515,515,515,515,515,515,515,515,515,515,515,515,515,515,515,
2026-08-01,PICKERINGB-G8,NUCLEAR,Output,514,512,514,514,512,514,514,515,516,514,515,515,514,514,513,512,510,513,512,514,514,514,512,512,
2026-08-01,PINEPORTAGE,HYDRO,Capability,146,146,146,146,146,146,146,146,146,146,146,146,146,146,146,146,146,146,146,146,146,146,146,146,
2026-08-01,PINEPORTAGE,HYDRO,Output,29,66,50,31,21,69,78,81,64,99,102,121,49,72,68,77,31,29,52,69,49,115,111,98,
2026-08-01,PORT BURWELL,WIND,Available Capacity,99,99,99,99,99,99,99,99,99,99,99,99,99,99,99,99,99,99,99,99,99,99,99,99,
2026-08-01,PORT BURWELL,WIND,Forecast,0,0,0,0,0,0,0,1,3,3,0,0,0,0,0,0,0,0,0,0,1,3,6,16,
2026-08-01,PORT BURWELL,WIND,Output,0,0,0,0,1,0,0,2,4,3,1,0,0,0,0,0,0,0,0,0,2,3,8,16,
2026-08-01,PORTALMA-T1,WIND,Available Capacity,101,101,101,101,101,101,101,101,101,101,101,101,101,101,101,101,101,101,101,101,101,101,101,101,
2026-08-01,PORTALMA-T1,WIND,Forecast,3,2,1,4,5,4,3,0,0,1,2,0,0,1,3,4,5,3,8,17,14,17,28,23,
2026-08-01,PORTALMA-T1,WIND,Output,3,2,2,5,6,5,3,0,0,1,2,0,0,1,3,4,5,3,9,18,13,21,27,24,
2026-08-01,PORTALMA-T3,WIND,Available Capacity,101,101,101,101,101,101,101,101,101,101,101,101,101,101,101,101,101,101,101,101,101,101,101,101,
2026-08-01,PORTALMA-T3,WIND,Forecast,3,3,2,7,6,4,3,0,0,1,3,3,1,3,5,9,6,6,14,24,29,28,39,23,
2026-08-01,PORTALMA-T3,WIND,Output,3,3,3,8,6,4,3,0,0,1,4,3,2,3,7,9,6,6,15,26,31,31,33,22,
2026-08-01,PORTLANDS-G1,GAS,Capability,207,207,207,207,207,207,207,207,207,207,207,207,207,207,207,207,207,207,207,207,207,207,207,207,
2026-08-01,PORTLANDS-G1,GAS,Output,183,184,171,125,121,138,125,165,182,181,180,180,179,179,180,179,180,180,180,180,178,177,177,175,
2026-08-01,PORTLANDS-G2,GAS,Capability,214,214,214,214,214,214,214,214,214,214,214,214,214,214,214,214,214,214,214,214,214,214,214,214,
2026-08-01,PORTLANDS-G2,GAS,Output,183,183,172,127,124,139,125,165,182,181,180,179,179,179,180,179,180,180,180,179,178,177,177,176,
2026-08-01,PORTLANDS-G3,GAS,Capability,225,225,225,225,225,225,225,225,225,225,225,225,225,225,225,225,225,225,225,225,225,225,225,225,
2026-08-01,PORTLANDS-G3,GAS,Output,225,225,214,160,155,165,156,187,224,225,224,224,224,224,224,224,224,225,225,225,224,224,224,223,
2026-08-01,PRINCEFARM,WIND,Available Capacity,189,189,189,189,189,189,189,189,189,189,189,189,189,189,189,189,189,189,189,189,189,189,189,189,
2026-08-01,PRINCEFARM,WIND,Forecast,16,11,13,15,15,10,8,1,0,0,0,0,0,0,5,9,3,0,0,2,17,38,48,66,
2026-08-01,PRINCEFARM,WIND,Output,16,11,15,15,14,12,7,1,0,0,0,0,0,0,6,10,2,0,1,4,21,42,54,67,
2026-08-01,RAILBEDWF-LT.AG_SR,WIND,Available Capacity,270,270,270,270,270,270,270,270,270,270,270,270,270,270,270,270,270,270,270,270,270,270,270,270,
2026-08-01,RAILBEDWF-LT.AG_SR,WIND,Forecast,21,19,22,33,29,17,15,9,1,2,5,14,12,10,4,6,8,8,23,39,54,35,68,116,
2026-08-01,RAILBEDWF-LT.AG_SR,WIND,Output,23,20,24,34,29,17,16,8,1,3,6,15,12,10,4,6,8,9,26,40,54,35,79,112,
2026-08-01,RAYNER,HYDRO,Capability,42,42,42,42,42,42,42,42,42,42,42,42,42,42,42,42,42,42,42,42,42,42,42,42,
2026-08-01,RAYNER,HYDRO,Output,0,0,0,0,0,1,38,40,34,39,36,1,0,0,0,0,1,30,31,36,32,30,1,0,
2026-08-01,REDROCK,HYDRO,Capability,19,19,19,19,19,19,19,19,19,19,19,19,19,19,19,19,19,19,19,19,0,19,19,19,
2026-08-01,REDROCK,HYDRO,Output,0,0,0,0,11,12,14,13,13,13,12,13,13,13,12,12,12,12,12,12,1,0,0,0,
2026-08-01,RIPLEY SOUTH,WIND,Available Capacity,76,76,76,76,76,76,76,76,76,76,76,76,76,76,76,76,76,76,76,76,76,76,76,76,
2026-08-01,RIPLEY SOUTH,WIND,Forecast,0,0,0,5,5,1,0,0,0,0,0,0,3,9,10,10,12,11,2,0,4,17,13,11,
2026-08-01,RIPLEY SOUTH,WIND,Output,0,0,0,6,5,2,1,1,0,0,0,1,4,9,11,10,13,9,2,0,6,18,11,12,
2026-08-01,ROMNEY,WIND,Available Capacity,60,60,60,60,60,60,60,60,60,60,60,60,60,60,60,60,60,60,60,60,60,60,60,60,
2026-08-01,ROMNEY,WIND,Forecast,2,3,4,5,4,2,1,0,0,1,2,1,1,2,7,2,4,7,10,23,26,29,36,19,
2026-08-01,ROMNEY,WIND,Output,2,4,5,5,4,3,1,0,0,1,2,1,1,3,8,2,5,8,12,26,29,31,29,18,
2026-08-01,SANDUSK-LT.AG_T1,WIND,Available Capacity,104,104,104,104,104,104,104,104,104,104,104,104,104,104,104,104,104,104,104,104,104,104,104,104,
2026-08-01,SANDUSK-LT.AG_T1,WIND,Forecast,2,2,0,0,0,0,0,0,5,5,0,3,1,0,0,0,0,0,0,0,0,0,0,3,
2026-08-01,SANDUSK-LT.AG_T1,WIND,Output,4,2,1,0,0,0,0,1,7,3,0,4,0,0,0,0,0,0,0,0,0,0,1,1,
2026-08-01,SAUNDERS,HYDRO,Capability,849,849,849,849,849,849,849,849,849,849,849,849,849,849,849,849,849,849,849,849,849,849,849,849,
2026-08-01,SAUNDERS,HYDRO,Output,869,869,871,871,870,872,877,878,875,874,870,870,870,871,876,875,872,871,871,870,868,871,871,875,
2026-08-01,SHANNON,WIND,Available Capacity,91,91,91,91,91,91,91,91,91,91,91,91,91,91,91,91,91,91,91,91,91,91,91,91,
2026-08-01,SHANNON,WIND,Forecast,0,0,0,0,0,0,1,0,0,0,0,0,0,1,22,4,1,5,2,0,0,0,0,0,
2026-08-01,SHANNON,WIND,Output,0,0,0,0,0,0,1,0,0,0,0,0,0,5,22,2,2,6,2,0,0,0,0,0,
2026-08-01,SILVERFALLS,HYDRO,Capability,51,51,51,51,51,51,51,51,51,51,51,51,51,51,51,51,51,51,51,51,51,51,51,51,
2026-08-01,SILVERFALLS,HYDRO,Output,45,1,0,0,45,1,0,0,44,2,0,0,44,2,0,0,44,46,2,0,44,1,0,0,
2026-08-01,SITHE GOREWAY-G11,GAS,Capability,212,212,212,212,212,212,212,212,212,212,212,212,212,212,212,212,212,212,212,212,212,212,212,212,
2026-08-01,SITHE GOREWAY-G11,GAS,Output,183,183,183,183,184,184,171,183,184,184,183,182,182,181,181,182,182,182,183,183,183,183,182,183,
2026-08-01,SITHE GOREWAY-G12,GAS,Capability,212,212,212,212,212,212,212,212,212,212,212,212,212,212,212,212,212,212,212,212,212,212,212,212,
2026-08-01,SITHE GOREWAY-G12,GAS,Output,176,176,176,177,177,177,153,178,177,177,176,176,175,175,174,175,176,176,176,176,176,176,176,176,
2026-08-01,SITHE GOREWAY-G13,GAS,Capability,212,212,212,212,212,212,212,212,212,212,212,212,212,212,212,212,212,212,212,212,212,212,212,212,
2026-08-01,SITHE GOREWAY-G13,GAS,Output,174,175,175,174,175,175,164,176,175,175,173,174,173,172,172,172,173,172,173,173,174,175,175,175,
2026-08-01,SITHE GOREWAY-G15,GAS,Capability,362,362,362,362,362,362,362,362,362,362,362,362,362,362,362,362,362,362,362,362,362,362,362,362,
2026-08-01,SITHE GOREWAY-G15,GAS,Output,330,332,332,332,332,332,273,325,331,326,324,323,322,322,321,323,323,323,326,328,330,327,325,325,
2026-08-01,SMOKY 2,HYDRO,Capability,266,266,266,266,266,266,266,266,266,266,266,266,266,266,266,266,266,266,266,266,266,266,266,0,
2026-08-01,SMOKY 2,HYDRO,Output,0,0,0,0,0,0,0,0,0,0,0,80,81,80,80,80,80,80,80,80,80,80,77,1,
2026-08-01,SOUTHGATE SF,SOLAR,Available Capacity,50,50,50,50,50,50,50,50,50,50,50,50,50,50,50,50,50,50,50,50,50,50,50,50,
2026-08-01,SOUTHGATE SF,SOLAR,Forecast,0,0,0,0,0,0,0,7,13,20,26,37,37,24,12,7,6,4,1,0,0,0,0,0,
2026-08-01,SOUTHGATE SF,SOLAR,Output,0,0,0,0,0,0,1,7,13,20,31,39,39,22,10,6,6,4,1,0,0,0,0,0,
2026-08-01,SPENCE,WIND,Available Capacity,99,99,99,99,99,99,99,99,99,99,99,99,99,99,99,99,99,99,99,99,99,99,99,99,
2026-08-01,SPENCE,WIND,Forecast,0,0,1,1,2,2,4,3,0,0,0,2,1,0,0,0,4,3,1,9,9,3,3,16,
2026-08-01,SPENCE,WIND,Output,1,1,1,2,3,3,5,3,1,0,0,2,1,0,0,1,4,3,2,11,7,2,5,18,
2026-08-01,STCLAIRCGS,GAS,Capability,614,614,614,614,614,614,614,614,614,614,614,614,614,614,614,614,614,614,614,614,614,614,614,614,
2026-08-01,STCLAIRCGS,GAS,Output,628,619,620,615,591,576,455,581,608,625,632,635,635,635,635,634,630,632,613,610,634,622,606,593,
2026-08-01,STEEPHILL,HYDRO,Capability,14,14,14,14,14,14,14,14,14,14,14,14,14,14,14,14,14,14,14,14,14,14,14,14,
2026-08-01,STEEPHILL,HYDRO,Output,3,3,3,3,3,3,3,3,3,3,3,3,3,3,3,3,3,3,3,3,3,3,3,3,
2026-08-01,STEWARTVLE,HYDRO,Capability,102,102,102,102,102,102,102,102,102,102,102,102,102,102,102,102,102,102,102,102,102,102,102,102,
2026-08-01,STEWARTVLE,HYDRO,Output,1,0,0,0,0,0,18,0,0,0,0,0,18,20,20,20,21,21,19,19,19,19,1,0,
2026-08-01,STONE MILLS SF,SOLAR,Available Capacity,54,54,54,54,54,54,54,54,0,0,0,0,0,0,0,0,0,0,0,0,0,0,0,0,
2026-08-01,STONE MILLS SF,SOLAR,Forecast,0,0,0,0,0,0,5,12,8,0,0,0,0,0,0,0,0,0,0,0,0,0,0,0,
2026-08-01,STONE MILLS SF,SOLAR,Output,0,0,0,0,0,1,6,11,3,0,0,0,0,0,0,0,0,0,0,0,0,0,0,0,
2026-08-01,SUMMERHAVEN,WIND,Available Capacity,124,124,124,124,124,124,124,124,124,124,124,124,124,124,124,124,124,124,124,124,124,124,124,124,
2026-08-01,SUMMERHAVEN,WIND,Forecast,0,0,0,0,0,0,0,0,1,2,0,0,0,0,0,0,0,0,0,0,0,0,0,0,
2026-08-01,SUMMERHAVEN,WIND,Output,0,0,0,0,0,0,0,0,2,2,0,1,0,0,0,0,0,0,0,0,0,0,0,0,
2026-08-01,TAOHSC,GAS,Capability,70,70,70,70,70,70,70,70,70,70,70,70,70,70,70,70,70,70,70,70,70,70,70,70,
2026-08-01,TAOHSC,GAS,Output,0,0,0,0,0,0,0,0,0,0,0,0,0,0,0,0,0,0,0,0,0,0,0,0,
2026-08-01,TASARNIA,GAS,Capability,493,505,505,505,505,505,505,505,505,505,505,505,505,505,505,505,505,505,505,505,505,505,505,505,
2026-08-01,TASARNIA,GAS,Output,389,265,233,231,226,225,225,226,226,249,348,387,390,393,394,394,395,395,389,364,385,385,369,234,
2026-08-01,TAWINDSOR,GAS,Capability,76,76,76,76,76,76,76,76,76,76,76,76,76,76,76,76,76,76,76,76,76,76,76,76,
2026-08-01,TAWINDSOR,GAS,Output,0,0,0,0,0,0,0,0,0,0,0,0,0,0,0,0,0,0,0,0,0,0,0,0,
2026-08-01,TBAYBOWATER CTS,BIOFUEL,Capability,50,50,50,50,50,50,50,50,50,50,50,50,50,50,50,50,50,50,50,50,50,50,50,50,
2026-08-01,TBAYBOWATER CTS,BIOFUEL,Output,0,0,0,0,0,0,0,0,0,0,0,0,0,0,0,0,0,0,0,0,0,0,0,0,
2026-08-01,THOROLDCGS,GAS,Capability,303,303,303,303,303,303,303,303,303,303,303,303,303,303,303,303,303,303,303,303,303,303,303,303,
2026-08-01,THOROLDCGS,GAS,Output,260,207,201,201,199,202,201,228,250,258,257,255,254,253,249,248,249,255,244,252,260,251,241,224,
2026-08-01,TILBURY BATTERY STORAGE,OTHER,Capability,0,87,87,87,87,87,87,87,87,87,87,87,87,87,87,87,87,87,87,87,0,0,0,0,
2026-08-01,TILBURY BATTERY STORAGE,OTHER,Output,0,0,0,0,0,0,0,0,0,7,14,12,26,4,42,69,80,39,0,5,42,0,0,0,
2026-08-01,TUNISGS,GAS,Capability,59,59,59,59,59,59,59,59,59,59,59,59,59,59,59,59,59,59,59,59,59,59,59,59,
2026-08-01,TUNISGS,GAS,Output,0,0,0,0,0,0,0,0,0,0,0,0,0,0,0,0,0,0,0,0,0,0,0,0,
2026-08-01,UMBATAFALLS,HYDRO,Capability,24,24,24,24,24,24,24,24,24,24,24,24,24,24,24,24,24,24,24,24,24,24,24,24,
2026-08-01,UMBATAFALLS,HYDRO,Output,8,9,9,9,9,7,7,8,7,7,7,7,7,7,7,7,7,7,7,7,8,9,8,8,
2026-08-01,UNDERWOOD,WIND,Available Capacity,182,182,182,182,182,182,182,182,182,182,182,182,182,182,182,182,182,182,182,182,182,182,182,182,
2026-08-01,UNDERWOOD,WIND,Forecast,0,0,0,1,0,0,0,0,0,0,0,0,4,4,5,14,21,3,1,25,24,19,17,23,
2026-08-01,UNDERWOOD,WIND,Output,0,0,1,1,0,0,0,0,0,0,0,0,5,3,5,16,20,1,1,31,22,20,18,24,
2026-08-01,UPPER WHITE RIVER,HYDRO,Capability,0,0,0,0,0,0,0,0,0,0,0,0,0,0,0,0,0,0,0,0,0,0,0,0,
2026-08-01,UPPER WHITE RIVER,HYDRO,Output,2,2,2,2,2,2,2,2,2,2,2,2,2,2,2,2,2,2,2,2,2,2,2,2,
2026-08-01,VAUGHAN 1 BESS,OTHER,Capability,27,27,27,27,27,27,27,27,27,27,27,27,27,27,27,27,27,27,27,27,27,27,27,27,
2026-08-01,VAUGHAN 1 BESS,OTHER,Output,0,0,0,0,0,0,0,0,0,0,0,0,0,0,0,0,0,0,0,0,0,0,0,0,
2026-08-01,WELLS,HYDRO,Capability,210,210,210,210,210,210,210,210,210,210,210,210,210,210,210,210,210,210,210,210,210,210,210,210,
2026-08-01,WELLS,HYDRO,Output,0,0,0,0,0,0,0,0,0,0,0,0,0,0,0,0,0,0,0,0,0,0,0,0,
2026-08-01,WEST LINCOLN NRWF,WIND,Available Capacity,230,230,230,230,230,230,230,230,230,230,230,230,230,230,230,230,230,230,230,230,230,230,230,230,
2026-08-01,WEST LINCOLN NRWF,WIND,Forecast,4,12,10,6,12,20,14,13,4,7,1,1,0,0,0,0,0,2,4,2,0,0,1,20,
2026-08-01,WEST LINCOLN NRWF,WIND,Output,5,13,8,6,13,20,14,13,4,7,1,0,0,0,0,0,0,2,4,2,0,0,2,24,
2026-08-01,WESTWINDSOR,GAS,Capability,143,143,143,143,143,143,143,143,143,143,143,143,143,143,143,143,143,143,143,143,143,143,143,143,
2026-08-01,WESTWINDSOR,GAS,Output,0,0,0,0,0,3,8,12,32,87,114,117,117,117,117,117,118,118,77,84,110,95,68,7,
2026-08-01,WHITBYCGS,GAS,Capability,55,55,55,55,55,55,55,55,55,55,55,55,55,55,55,55,55,55,55,55,55,55,55,55,
2026-08-01,WHITBYCGS,GAS,Output,0,0,0,0,0,0,0,0,0,0,0,0,0,0,0,0,0,0,0,0,0,0,0,0,
2026-08-01,WHITEDOG,HYDRO,Capability,68,68,68,68,68,68,68,68,68,68,68,68,68,68,68,68,68,68,68,68,68,68,68,68,
2026-08-01,WHITEDOG,HYDRO,Output,23,23,23,23,23,23,23,23,23,23,23,23,23,23,23,23,39,41,41,41,23,31,42,44,
2026-08-01,WINDSOR AIRPORT SF,SOLAR,Available Capacity,50,50,50,50,50,50,50,50,50,50,50,50,50,50,50,50,50,50,50,50,50,50,50,50,
2026-08-01,WINDSOR AIRPORT SF,SOLAR,Forecast,0,0,0,0,0,0,0,2,8,16,17,18,16,15,10,10,9,5,1,0,0,0,0,0,
2026-08-01,WINDSOR AIRPORT SF,SOLAR,Output,0,0,0,0,0,0,0,2,8,16,17,15,14,11,6,9,7,4,2,0,0,0,0,0,
2026-08-01,WOLFE ISLAND,WIND,Available Capacity,171,171,171,171,171,171,171,171,171,171,171,171,171,171,171,171,171,171,171,171,171,171,171,171,
2026-08-01,WOLFE ISLAND,WIND,Forecast,11,10,16,23,18,17,15,16,13,7,1,1,0,5,5,5,1,0,0,0,0,0,10,11,
2026-08-01,WOLFE ISLAND,WIND,Output,13,12,20,27,21,19,17,18,14,8,1,1,1,7,6,6,1,0,0,0,0,1,13,13,
2026-08-01,YORK BESS,OTHER,Capability,132,132,132,132,132,132,132,132,132,132,132,132,132,132,132,132,132,132,132,132,132,132,132,132,
2026-08-01,YORK BESS,OTHER,Output,0,0,0,0,0,0,0,0,0,0,0,0,0,0,1,2,89,90,9,0,0,0,0,0,
2026-08-01,YORKCGS-G1,GAS,Capability,233,233,233,233,233,233,233,233,233,233,233,233,233,233,233,233,233,233,233,233,233,233,233,233,
2026-08-01,YORKCGS-G1,GAS,Output,0,0,0,0,0,0,0,0,0,0,0,0,0,0,79,132,104, , , , , , , ,
2026-08-01,YORKCGS-G2,GAS,Capability,233,233,233,233,233,233,233,233,233,233,233,233,233,233,233,233,233,233,233,233,233,233,233,233,
2026-08-01,YORKCGS-G2,GAS,Output,0,0,0,0,0,0,0,0,0,0,0,0,0,0,0,0,0,0,0,0,0,0,0,0,
2026-08-01,ZURICH,WIND,Available Capacity,99,99,99,99,99,99,0,0,99,99,99,99,90,90,90,90,90,99,99,99,99,99,99,99,
2026-08-01,ZURICH,WIND,Forecast,0,0,0,0,0,0,0,0,0,0,0,0,0,0,2,9,0,0,2,1,7,21,22,12,
2026-08-01,ZURICH,WIND,Output,0,0,0,0,0,0,0,0,0,0,0,0,0,1,5,6,0,0,3,1,10,23,19,14,
